text,intent
chrome выключи,close_app
chrome выключи быстро,close_app
chrome выключи плиз,close_app
chrome выключи срочно,close_app
chrome выкючи,close_app
chrome выкючи сейчас,close_app
chrome давай закрой,close_app
chrome давай закрой плиз,close_app
chrome давай зкрой мне надо,close_app
chrome заверши,close_app
chrome заверши мне надо,close_app
chrome заверши срочно,close_app
chrome закрй,close_app
chrome закрой,close_app
chrome закрой быстро,close_app
chrome закрой мне надо,close_app
chrome закрой плиз,close_app
chrome закрой сейчас,close_app
chrome можешь завершить,close_app
chrome можешь завершить сейчас,close_app
chrome можешь завершить срочно,close_app
chrome можешь завешить,close_app
chrome можешь завршить срочно,close_app
chrome можешь закрыть,close_app
chrome можешь закрыть быстро,close_app
chrome можешь закрыть плиз,close_app
chrome можешь закрыть сейчас,close_app
google chrome выклчи быстро,close_app
google chrome выключи,close_app
google chrome выключи быстро,close_app
google chrome выключи мне надо,close_app
google chrome выключи пожалуйста,close_app
google chrome выключи срочно,close_app
google chrome давай закрй мне надо,close_app
google chrome давай закрой,close_app
google chrome давай закрой быстро,close_app
google chrome давай закрой мне надо,close_app
google chrome давай закрой пожалйста,close_app
google chrome давай зкрой сейчас,close_app
google chrome заверши,close_app
google chrome заверши быстро,close_app
google chrome заверши мне надо,close_app
google chrome заверши пожалуйта,close_app
google chrome заверши сейчас,close_app
google chrome заверши срочно,close_app
google chrome завеши,close_app
google chrome заврши,close_app
google chrome закрой,close_app
google chrome закрой быстро,close_app
google chrome закрой мне надо,close_app
google chrome закрой плиз,close_app
google chrome закрой пожалйста,close_app
google chrome закрой пожалуйста,close_app
google chrome закрой срочно,close_app
google chrome зкрой,close_app
google chrome можешь завершить,close_app
google chrome можешь завершить плиз,close_app
google chrome можешь завершить пожалуйста,close_app
google chrome можешь завершить сейчас,close_app
google chrome можешь завршить,close_app
google chrome можешь завршить плиз,close_app
google chrome можешь завршить пожалуйста,close_app
google chrome можешь закрыть,close_app
google chrome можешь закрыть быстро,close_app
google chrome можешь закрыть пожалуйста,close_app
браузер выключи,close_app
браузер выключи быстро,close_app
браузер выключи сейчас,close_app
браузер давай закрой,close_app
браузер давай закрой быстро,close_app
браузер давай закрой мне надо,close_app
браузер давай закрой сейчас,close_app
браузер заверши,close_app
браузер заверши пожалуйста,close_app
браузер заверши сейчас,close_app
браузер заверши срочно,close_app
браузер завеши мне надо,close_app
браузер закрй,close_app
браузер закрой,close_app
браузер закрой быстро,close_app
браузер закрой плиз,close_app
браузер закрой пожалуйста,close_app
браузер закрой срочно,close_app
браузер зкрой быстро,close_app
браузер можешь завершить,close_app
браузер можешь завершить быстро,close_app
браузер можешь завершить пожалуйста,close_app
браузер можешь закрыть,close_app
браузер можешь закрыть мне надо,close_app
браузер можешь закрыть сейчас,close_app
браузер можешь закрыть срочно,close_app
быстро выклчи google chrome,close_app
быстро выключи chrome,close_app
быстро выключи google chrome пожалуйста,close_app
быстро выключи google chrome срочно,close_app
быстро выключи браузер быстро,close_app
быстро выключи гугл,close_app
быстро выключи гугл пожалуйста,close_app
быстро выключи гугл хром,close_app
быстро выключи гугл хром мне надо,close_app
быстро выключи гугл хром сейчас,close_app
быстро выключи хом сейчас,close_app
быстро выключи хром плиз,close_app
быстро давай закрй google chrome,close_app
быстро давай закрой chrome,close_app
быстро давай закрой chrome сейчас,close_app
быстро давай закрой google chrome,close_app
быстро давай закрой гугл хром,close_app
быстро давай закрой гугл хром плиз,close_app
быстро давай закрой хром плиз,close_app
быстро давай закрой хром сейчас,close_app
быстро заверши chrome,close_app
быстро заверши chrome быстро,close_app
быстро заверши chrome сейчас,close_app
быстро заверши google chrome,close_app
быстро заверши гугл,close_app
быстро заверши гугл хром,close_app
быстро закрой chrome,close_app
быстро закрой google chrome быстро,close_app
быстро закрой браузер,close_app
быстро закрой браузер быстро,close_app
быстро закрой гугл,close_app
быстро закрой хром,close_app
быстро можешь завершить chrome быстро,close_app
быстро можешь завершить google chrome,close_app
быстро можешь завершить браузер,close_app
быстро можешь завершить браузр плиз,close_app
быстро можешь завершить гугл хом срочно,close_app
быстро можешь завершить гугл хром,close_app
быстро можешь завершить гугл хром мне надо,close_app
быстро можешь завершить гугл хром сейчас,close_app
быстро можешь завершить гугл хром срочно,close_app
быстро можешь завешить chrome пожалуйста,close_app
быстро можешь завешить google chrome мне надо,close_app
быстро можешь завршить google chrome пожалуйста,close_app
быстро можешь завршить браузер,close_app
быстро можешь закрыть chrome быстро,close_app
быстро можешь закрыть chrome мне надо,close_app
быстро можешь закрыть chrome сейчас,close_app
быстро можешь закрыть google chrome,close_app
быстро можешь закрыть google chrome плиз,close_app
быстро можешь закрыть браузр,close_app
быстро можешь закрыть гугл хром,close_app
быстро можешь закрыть хром,close_app
выклчи гугл,close_app
выключи chrome,close_app
выключи chrome быстро,close_app
выключи chrome мне надо,close_app
выключи chrome сейчас,close_app
выключи chrome срочно,close_app
выключи google chrome,close_app
выключи google chrome быстро,close_app
выключи google chrome мне надо,close_app
выключи google chrome плиз,close_app
выключи google chrome пожалуйста,close_app
выключи брауер,close_app
выключи браузер,close_app
выключи браузер быстро,close_app
выключи браузер пожалуйста,close_app
выключи браузер сейчас,close_app
выключи браузер срочно,close_app
выключи гугл,close_app
выключи гугл быстро,close_app
выключи гугл мне надо,close_app
выключи гугл пожалуйста,close_app
выключи гугл сейчас,close_app
выключи гугл хом пожалуйста,close_app
выключи гугл хом сейчас,close_app
выключи гугл хром,close_app
выключи гугл хром быстро,close_app
выключи гугл хром плиз,close_app
выключи гугл хром пожалуйста,close_app
выключи гугл хром сейчас,close_app
выключи гугл хром срочно,close_app
выключи хом пожалуйста,close_app
выключи хром,close_app
выключи хром быстро,close_app
выключи хром пожалуйста,close_app
выключи хром срочно,close_app
выкючи браузер,close_app
вылючи chrome,close_app
вылючи chrome мне надо,close_app
вылючи гугл хром,close_app
вылючи хром,close_app
гугл выключи,close_app
гугл выключи быстро,close_app
гугл выключи мне надо,close_app
гугл выключи плиз,close_app
гугл давай закрой,close_app
гугл давай закрой быстро,close_app
гугл давай закрой мне надо,close_app
гугл давай закрой плиз,close_app
гугл давай закрой пожалуйста,close_app
гугл давай закрой сейчас,close_app
гугл давай закрой срочно,close_app
гугл давай зкрой срочно,close_app
гугл заверши,close_app
гугл заверши мне надо,close_app
гугл заверши плиз,close_app
гугл заверши срочно,close_app
гугл закрой,close_app
гугл закрой быстро,close_app
гугл закрой мне надо,close_app
гугл закрой плиз,close_app
гугл закрой пожалуйста,close_app
гугл закрой сейчас,close_app
гугл зкрой сейчас,close_app
гугл можешь завершить,close_app
гугл можешь завершить быстро,close_app
гугл можешь завершить плиз,close_app
гугл можешь завершить пожалуйста,close_app
гугл можешь завешить сейчас,close_app
гугл можешь завршить мне надо,close_app
гугл можешь завршить сейчас,close_app
гугл можешь закрыть,close_app
гугл можешь закрыть быстро,close_app
гугл можешь закрыть плиз,close_app
гугл можешь закрыть срочно,close_app
гугл хом можешь закрыть,close_app
гугл хрм давай закрой плиз,close_app
гугл хрм давай закрой сейчас,close_app
гугл хро можешь завершить мне надо,close_app
гугл хро можешь закрыть,close_app
гугл хром выключи,close_app
гугл хром выключи быстро,close_app
гугл хром выключи мне надо,close_app
гугл хром выключи пожалуйста,close_app
гугл хром выключи сейчас,close_app
гугл хром выключи срочно,close_app
гугл хром давай закрой,close_app
гугл хром давай закрой быстро,close_app
гугл хром давай закрой плиз,close_app
гугл хром давай закрой сейчас,close_app
гугл хром давай закрой срочно,close_app
гугл хром заверши,close_app
гугл хром заверши быстро,close_app
гугл хром заверши плиз,close_app
гугл хром заверши сейчас,close_app
гугл хром заверши срочно,close_app
гугл хром закрой,close_app
гугл хром закрой плиз,close_app
гугл хром закрой пожалуйста,close_app
гугл хром закрой срочно,close_app
гугл хром можешь завершить,close_app
гугл хром можешь завершить быстро,close_app
гугл хром можешь завершить мне надо,close_app
гугл хром можешь завершить сейчас,close_app
гугл хром можешь завешить,close_app
гугл хром можешь закрыть,close_app
гугл хром можешь закрыть быстро,close_app
гугл хром можешь закрыть мне надо,close_app
гугл хром можешь закрыть плиз,close_app
гугл хром можешь закрыть сейчас,close_app
давай закрй гугл,close_app
давай закрй гугл быстро,close_app
давай закрой chrome,close_app
давай закрой chrome плиз,close_app
давай закрой chrome пожалуйста,close_app
давай закрой chrome срочно,close_app
давай закрой google chrome,close_app
давай закрой google chrome быстро,close_app
давай закрой google chrome мне надо,close_app
давай закрой google chrome пожалуйста,close_app
давай закрой google chrome сейчас,close_app
давай закрой браузер,close_app
давай закрой браузер мне надо,close_app
давай закрой браузер пожалуйста,close_app
давай закрой браузер срочно,close_app
давай закрой гугл,close_app
давай закрой гугл плиз,close_app
давай закрой гугл пожалуйста,close_app
давай закрой гугл сейчас,close_app
давай закрой гугл хро,close_app
давай закрой гугл хром,close_app
давай закрой гугл хром быстро,close_app
давай закрой гугл хром мне надо,close_app
давай закрой гугл хром пожалйста,close_app
давай закрой гугл хром сейчас,close_app
давай закрой хрм срочно,close_app
давай закрой хром,close_app
давай закрой хром быстро,close_app
давай закрой хром пожалуйста,close_app
давай закрой хром сейчас,close_app
давай зкрой chrome срочно,close_app
давай зкрой браузер,close_app
давай зкрой гугл хром,close_app
давай зкрой хром сейчас,close_app
заверши chrome,close_app
заверши chrome плиз,close_app
заверши chrome пожалуйста,close_app
заверши google chrome,close_app
заверши google chrome мне надо,close_app
заверши google chrome плиз,close_app
заверши google chrome пожалуйста,close_app
заверши google chrome срочно,close_app
заверши браузер,close_app
заверши браузер мне надо,close_app
заверши браузер срочно,close_app
заверши гугл,close_app
заверши гугл быстро,close_app
заверши гугл мне надо,close_app
заверши гугл пожалуйста,close_app
заверши гугл сейчас,close_app
заверши гугл хро,close_app
заверши гугл хром,close_app
заверши гугл хром мне надо,close_app
заверши гугл хром пожалуйста,close_app
заверши раузер,close_app
заверши хром,close_app
заверши хром быстро,close_app
заверши хром пожалуйста,close_app
заверши хром сейчас,close_app
завеши chrome,close_app
завеши гугл хром мне надо,close_app
заврши chrome пожалуйста,close_app
заврши гугл,close_app
заврши гугл мне надо,close_app
закрй google chrome,close_app
закрй google chrome мне надо,close_app
закрой chrome,close_app
закрой chrome мне надо,close_app
закрой chrome пожалуйста,close_app
закрой chrome сейчас,close_app
закрой chrome срочно,close_app
закрой google chrome,close_app
закрой google chrome мне надо,close_app
закрой google chrome плиз,close_app
закрой google chrome пожалуйста,close_app
закрой google chrome срочно,close_app
закрой браузер,close_app
закрой браузер мне надо,close_app
закрой браузер плиз,close_app
закрой браузер сейчас,close_app
закрой браузер срочно,close_app
закрой брузер,close_app
закрой гугл,close_app
закрой гугл быстро,close_app
закрой гугл мне надо,close_app
закрой гугл плиз,close_app
закрой гугл пожалуйста,close_app
закрой гугл сейчас,close_app
закрой гугл срочно,close_app
закрой гугл хром,close_app
закрой гугл хром мне надо,close_app
закрой гугл хром плиз,close_app
закрой гугл хром пожалуйста,close_app
закрой гугл хром срочно,close_app
закрой хром,close_app
закрой хром быстро,close_app
закрой хром мне надо,close_app
закрой хром плиз,close_app
закрой хром пожалуйста,close_app
закрой хром сейчас,close_app
зкрой chrome срочно,close_app
зкрой google chrome,close_app
зкрой google chrome сейчас,close_app
зкрой браузер,close_app
зкрой гугл быстро,close_app
зкрой гугл плиз,close_app
мне надо выключи chrome,close_app
мне надо выключи chrome быстро,close_app
мне надо выключи браузер,close_app
мне надо выключи браузер быстро,close_app
мне надо выключи гугл,close_app
мне надо выключи хром быстро,close_app
мне надо давай закрй google chrome,close_app
мне надо давай закрой chrome,close_app
мне надо давай закрой chrome срочно,close_app
мне надо давай закрой google chrome,close_app
мне надо давай закрой браузер,close_app
мне надо давай закрой гугл,close_app
мне надо давай закрой гугл хром,close_app
мне надо давай закрой гугл хром плиз,close_app
мне надо заверши chrome быстро,close_app
мне надо заверши google chrome плиз,close_app
мне надо заверши браузер,close_app
мне надо заверши браузер мне надо,close_app
мне надо заверши браузер плиз,close_app
мне надо заверши гугл,close_app
мне надо заверши гугл быстро,close_app
мне надо заверши гугл хром,close_app
мне надо заверши гугл хром быстро,close_app
мне надо заверши хром пжалуйста,close_app
мне надо заверши хром сейчас,close_app
мне надо закрой браузер срочно,close_app
мне надо закрой гугл сейчас,close_app
мне надо закрой гугл хром,close_app
мне надо закрой гугл хром быстро,close_app
мне надо закрой хром,close_app
мне надо закрой хром быстро,close_app
мне надо можешь завершить chrome,close_app
мне надо можешь завершить google chrome,close_app
мне надо можешь завершить браузер,close_app
мне надо можешь завершить гугл,close_app
мне надо можешь завершить гугл плиз,close_app
мне надо можешь завершить гугл хром,close_app
мне надо можешь завершить гугл хром плиз,close_app
мне надо можешь завершить гугл хром срочно,close_app
мне надо можешь завершить хром плиз,close_app
мне надо можешь завршить хром срочно,close_app
мне надо можешь закрыть chrome,close_app
мне надо можешь закрыть chrome мне надо,close_app
мне надо можешь закрыть chrome срочно,close_app
мне надо можешь закрыть google chrome,close_app
мне надо можешь закрыть браузер,close_app
мне надо можешь закрыть гугл,close_app
мне надо можешь закрыть гугл быстро,close_app
мне надо можешь закрыть гугл хром,close_app
мне надо можешь закрыть гугл хром мне надо,close_app
можешь завершить chrome,close_app
можешь завершить chrome быстро,close_app
можешь завершить chrome мне надо,close_app
можешь завершить chrome сейчас,close_app
можешь завершить chrome срочно,close_app
можешь завершить google chrome,close_app
можешь завершить google chrome быстро,close_app
можешь завершить google chrome мне надо,close_app
можешь завершить google chrome плиз,close_app
можешь завершить google chrome пожалуйста,close_app
можешь завершить google chrome сейчас,close_app
можешь завершить браузер,close_app
можешь завершить браузер быстро,close_app
можешь завершить браузер плиз,close_app
можешь завершить браузер срочно,close_app
можешь завершить гугл,close_app
можешь завершить гугл мне надо,close_app
можешь завершить гугл плиз,close_app
можешь завершить гугл пожалуйста,close_app
можешь завершить гугл сейчас,close_app
можешь завершить гугл срочно,close_app
можешь завершить гугл хрм сейчас,close_app
можешь завершить гугл хром,close_app
можешь завершить гугл хром быстро,close_app
можешь завершить гугл хром пожалуйста,close_app
можешь завершить гугл хром пожалуста,close_app
можешь завершить гугл хром срочно,close_app
можешь завершить хрм быстро,close_app
можешь завершить хром,close_app
можешь завершить хром быстро,close_app
можешь завершить хром пожалуйста,close_app
можешь завершить хром сейчас,close_app
можешь завершить хром срочно,close_app
можешь завешить chrome,close_app
можешь завешить google chrome,close_app
можешь завешить браузер,close_app
можешь завешить гугл мне надо,close_app
можешь завешить гугл хром плиз,close_app
можешь завешить хром,close_app
можешь завршить гугл хром быстро,close_app
можешь завршить хром пожалуйста,close_app
можешь закрыть chrome,close_app
можешь закрыть chrome плиз,close_app
можешь закрыть google chrome,close_app
можешь закрыть google chrome плиз,close_app
можешь закрыть google chrome пожалуйста,close_app
можешь закрыть google chrome сейчас,close_app
можешь закрыть google chrome срочно,close_app
можешь закрыть браузер,close_app
можешь закрыть браузер мне надо,close_app
можешь закрыть браузер плиз,close_app
можешь закрыть браузер пожалуйста,close_app
можешь закрыть браузер сейчас,close_app
можешь закрыть браузер срочно,close_app
можешь закрыть браузр мне надо,close_app
можешь закрыть гугл,close_app
можешь закрыть гугл быстро,close_app
можешь закрыть гугл сейчас,close_app
можешь закрыть гугл срочно,close_app
можешь закрыть гугл хом,close_app
можешь закрыть гугл хрм мне надо,close_app
можешь закрыть гугл хром,close_app
можешь закрыть гугл хром плиз,close_app
можешь закрыть гугл хром пожалйста,close_app
можешь закрыть гугл хром пожалуйста,close_app
можешь закрыть гугл хром сейчас,close_app
можешь закрыть раузер,close_app
можешь закрыть раузер мне надо,close_app
можешь закрыть хро,close_app
можешь закрыть хром,close_app
можешь закрыть хром быстро,close_app
можешь закрыть хром срочно,close_app
плиз выключи гугл хром,close_app
плиз выключи гугл хром сейчас,close_app
плиз выключи хром,close_app
плиз вылючи chrome,close_app
плиз вылючи chrome пожалуйста,close_app
плиз давай закрй google chrome мне надо,close_app
плиз давай закрой google chrome,close_app
плиз давай закрой google chrome мне надо,close_app
плиз давай закрой браузер,close_app
плиз давай закрой браузер быстро,close_app
плиз давай закрой гугл хром,close_app
плиз давай закрой хром,close_app
плиз давай закрой хром быстро,close_app
плиз давай закрой хром мне надо,close_app
плиз заверши chrome,close_app
плиз заверши chrome пожалуйста,close_app
плиз заверши chrome сейчас,close_app
плиз заверши google chrome,close_app
плиз заверши брауер,close_app
плиз заверши браузер,close_app
плиз заверши гугл хром,close_app
плиз заверши гугл хром срочно,close_app
плиз заверши хром быстро,close_app
плиз завеши google chrome пожалуйста,close_app
плиз завеши гугл хром мне надо,close_app
плиз закрой chrome,close_app
плиз закрой google chrome быстро,close_app
плиз закрой браузер,close_app
плиз закрой браузер сейчас,close_app
плиз закрой гугл хром,close_app
плиз закрой хром,close_app
плиз закрой хром быстро,close_app
плиз зкрой хром плиз,close_app
плиз можешь завершить chrome,close_app
плиз можешь завершить chrome мне надо,close_app
плиз можешь завершить chrome плиз,close_app
плиз можешь завершить google chrome быстро,close_app
плиз можешь завершить браузер,close_app
плиз можешь завершить браузер плиз,close_app
плиз можешь завершить гугл,close_app
плиз можешь завершить гугл хром плиз,close_app
плиз можешь завершить гугл хром пожалуйста,close_app
плиз можешь завершить хром быстро,close_app
плиз можешь закрыть chrome плиз,close_app
плиз можешь закрыть google chrome,close_app
плиз можешь закрыть гугл,close_app
плиз можешь закрыть гугл хром,close_app
плиз можешь закрыть хром пожалуйста,close_app
пожалуйста выклчи chrome пожалуйста,close_app
пожалуйста выключи google chrome,close_app
пожалуйста выключи гугл,close_app
пожалуйста выключи гугл хром пожалуйста,close_app
пожалуйста выключи хром,close_app
пожалуйста выключи хром быстро,close_app
пожалуйста выключи хром плиз,close_app
пожалуйста давай закрой chrome,close_app
пожалуйста давай закрой chrome быстро,close_app
пожалуйста давай закрой google chrome,close_app
пожалуйста давай закрой браузер мне надо,close_app
пожалуйста давай закрой браузер сейчас,close_app
пожалуйста давай закрой гугл,close_app
пожалуйста давай закрой гугл быстро,close_app
пожалуйста давай закрой гугл пожалуйста,close_app
пожалуйста давай закрой гугл хром пожалуйста,close_app
пожалуйста давай зкрой хром сейчас,close_app
пожалуйста заверши chrome,close_app
пожалуйста заверши google chrome быстро,close_app
пожалуйста заверши google chrome плиз,close_app
пожалуйста заверши браузер,close_app
пожалуйста заверши браузер срочно,close_app
пожалуйста заверши гугл мне надо,close_app
пожалуйста заверши гугл хром,close_app
пожалуйста завеши браузер пожалуйста,close_app
пожалуйста закрй браузер быстро,close_app
пожалуйста закрой chrome пожалуйста,close_app
пожалуйста закрой браузер,close_app
пожалуйста закрой браузер мне надо,close_app
пожалуйста закрой гугл,close_app
пожалуйста закрой гугл мне надо,close_app
пожалуйста закрой гугл хром срочно,close_app
пожалуйста закрой хром,close_app
пожалуйста закрой хром пожалуйста,close_app
пожалуйста закрой хром сейчас,close_app
пожалуйста можешь завершить chrome мне надо,close_app
пожалуйста можешь завершить google chrome срочно,close_app
пожалуйста можешь завершить гугл,close_app
пожалуйста можешь завершить гугл быстро,close_app
пожалуйста можешь завершить гугл хром,close_app
пожалуйста можешь завершить гугл хром сейчас,close_app
пожалуйста можешь завершить гугл хром срочно,close_app
пожалуйста можешь закрыть google chrome,close_app
пожалуйста можешь закрыть браузер,close_app
пожалуйста можешь закрыть гугл хром,close_app
пожалуйста можешь закрыть гугл хром быстро,close_app
пожалуйста можешь закрыть хром,close_app
пожалуйста можешь закрыть хром пожалуйста,close_app
пожалуйста можешь закрыть хром срочно,close_app
пожалуйта можешь завершить гугл,close_app
раузер выключи,close_app
раузер заверши мне надо,close_app
раузер можешь закрыть мне надо,close_app
сейчас выключи chrome,close_app
сейчас выключи google chrome,close_app
сейчас выключи гугл,close_app
сейчас давай закрй google chrome,close_app
сейчас давай закрой chrome плиз,close_app
сейчас давай закрой google chrome срочно,close_app
сейчас давай закрой гугл срочно,close_app
сейчас давай закрой хро сейчас,close_app
сейчас давай закрой хром быстро,close_app
сейчас давай зкрой браузер срочно,close_app
сейчас заверши google chrome,close_app
сейчас заверши гугл,close_app
сейчас заверши гугл сейчас,close_app
сейчас заверши гугл хром,close_app
сейчас заверши гугл хром пожалуйста,close_app
сейчас заверши хром,close_app
сейчас закрой chrome,close_app
сейчас закрой google chrome,close_app
сейчас закрой google chrome плиз,close_app
сейчас закрой браузер,close_app
сейчас закрой хром,close_app
сейчас можешь завершить chrome,close_app
сейчас можешь завершить chrome пожалуйста,close_app
сейчас можешь завершить google chrome быстро,close_app
сейчас можешь завершить google chrome срочно,close_app
сейчас можешь завершить браузер мне надо,close_app
сейчас можешь завершить гугл,close_app
сейчас можешь завершить гугл пожалуйста,close_app
сейчас можешь завершить хром,close_app
сейчас можешь завршить хром плиз,close_app
сейчас можешь закрыть google chrome,close_app
сейчас можешь закрыть google chrome плиз,close_app
сейчас можешь закрыть google chrome сейчас,close_app
сейчас можешь закрыть google chrome срочно,close_app
сейчас можешь закрыть гугл,close_app
сейчас можешь закрыть гугл быстро,close_app
сейчас можешь закрыть гугл срочно,close_app
сейчас можешь закрыть гугл хрм мне надо,close_app
сейчас можешь закрыть гугл хром плиз,close_app
сейчас можешь закрыть гугл хром пожалуйста,close_app
сейчас можешь закрыть хром,close_app
срочно выклчи гугл сейчас,close_app
срочно выключи chrome,close_app
срочно выключи гугл быстро,close_app
срочно выключи гугл хом,close_app
срочно выключи гугл хром,close_app
срочно выключи гугл хром пожалуйста,close_app
срочно выключи хром,close_app
срочно выключи хром мне надо,close_app
срочно выкючи браузер,close_app
срочно выкючи гугл,close_app
срочно давай закрой chrome,close_app
срочно давай закрой chrome плиз,close_app
срочно давай закрой chrome сейчас,close_app
срочно давай закрой google chrome срочно,close_app
срочно давай закрой гугл,close_app
срочно давай закрой гугл хром,close_app
срочно давай закрой хом пожалуйста,close_app
срочно давай закрой хром,close_app
срочно заверши браузер,close_app
срочно заверши гугл,close_app
срочно заверши гугл мне надо,close_app
срочно заверши гугл хом,close_app
срочно заверши гугл хром срочно,close_app
срочно заверши хро быстро,close_app
срочно завеши chrome,close_app
срочно закрой chrome,close_app
срочно закрой google chrome,close_app
срочно закрой браузер,close_app
срочно закрой гугл плиз,close_app
срочно закрой гугл хром,close_app
срочно зкрой chrome,close_app
срочно можешь завершить google chrome,close_app
срочно можешь завершить google chrome быстро,close_app
срочно можешь завершить браузер,close_app
срочно можешь завершить гугл мне надо,close_app
срочно можешь завершить гугл хром,close_app
срочно можешь завершить хром,close_app
срочно можешь завешить google chrome плиз,close_app
срочно можешь завршить гугл,close_app
срочно можешь закрыть chrome пожалуйста,close_app
срочно можешь закрыть chrome сейчас,close_app
срочно можешь закрыть браузер,close_app
срочно можешь закрыть браузер сейчас,close_app
срочно можешь закрыть браузр,close_app
срочно можешь закрыть гугл,close_app
срочно можешь закрыть гугл хром,close_app
срочно можешь закрыть гугл хром срочно,close_app
срочно можешь закрыть хром,close_app
хом давай закрой быстро,close_app
хом можешь закрыть,close_app
хом можешь закрыть пожалуйста,close_app
хрм выключи,close_app
хрм можешь закрыть,close_app
хром выключи,close_app
хром выключи быстро,close_app
хром выключи срочно,close_app
хром давай закрой,close_app
хром давай закрой быстро,close_app
хром давай закрой мне надо,close_app
хром давай закрой срочно,close_app
хром заверши,close_app
хром заверши быстро,close_app
хром заверши сейчас,close_app
хром заверши срочно,close_app
хром закрй,close_app
хром закрой,close_app
хром закрой мне надо,close_app
хром закрой сейчас,close_app
хром закрой срочно,close_app
хром можешь завершить,close_app
хром можешь завершить быстро,close_app
хром можешь завершить пожалуйста,close_app
хром можешь завершить сейчас,close_app
хром можешь завершить срочно,close_app
хром можешь закрыть,close_app
хром можешь закрыть пожалуйста,close_app
хром можешь закрыть сейчас,close_app
chrome давай разверни,maximize_app
chrome давай разверни быстро,maximize_app
chrome давай разверни пожалуйста,maximize_app
chrome максимизирй,maximize_app
chrome максимизируй,maximize_app
chrome максимизируй срочно,maximize_app
chrome мксимизируй быстро,maximize_app
chrome можешь открыть на весь кран,maximize_app
chrome можешь открыть на весь экран,maximize_app
chrome можешь открыть на весь экран быстро,maximize_app
chrome можешь открыть на весь экран мне надо,maximize_app
chrome можешь открыть на весь экран плиз,maximize_app
chrome можешь открыть на весь экран срочно,maximize_app
chrome можешь развернуть,maximize_app
chrome можешь развернуть быстро,maximize_app
chrome можешь развернуть мне надо,maximize_app
chrome можешь развернуть плиз,maximize_app
chrome можешь развернуть срочно,maximize_app
chrome открой на весь экра,maximize_app
chrome открой на весь экра плиз,maximize_app
chrome открой на весь экран,maximize_app
chrome открой на весь экран мне надо,maximize_app
chrome открой на весь экран плиз,maximize_app
chrome открой на весь экран пожалуйста,maximize_app
chrome открой на весь экран сейчас,maximize_app
chrome отрой на весь экран,maximize_app
chrome развери,maximize_app
chrome разверни,maximize_app
chrome разверни быстро,maximize_app
chrome разверни сейчас,maximize_app
chrome разверни срочно,maximize_app
chrome разврни срочно,maximize_app
google chrome давай развери,maximize_app
google chrome давай разверни,maximize_app
google chrome давай разверни быстро,maximize_app
google chrome давай разверни пожалуйста,maximize_app
google chrome давай разврни сейчас,maximize_app
google chrome давай разерни,maximize_app
google chrome максиизируй,maximize_app
google chrome максимизирй,maximize_app
google chrome максимизируй,maximize_app
google chrome максимизируй плиз,maximize_app
google chrome максимизируй сейчас,maximize_app
google chrome можешь открыть на весь кран,maximize_app
google chrome можешь открыть на весь экра,maximize_app
google chrome можешь открыть на весь экра плиз,maximize_app
google chrome можешь открыть на весь экран,maximize_app
google chrome можешь открыть на весь экран пожалуйста,maximize_app
google chrome можешь открыть на весь экран сейчас,maximize_app
google chrome можешь развернуть,maximize_app
google chrome можешь развернуть пожалуйста,maximize_app
google chrome можешь развернуть сейчас,maximize_app
google chrome окрой на весь экран,maximize_app
google chrome открой на весь кран,maximize_app
google chrome открой на весь кран быстро,maximize_app
google chrome открой на весь кран плиз,maximize_app
google chrome открой на весь кран пожалуйста,maximize_app
google chrome открой на весь экран,maximize_app
google chrome открой на весь экран быстро,maximize_app
google chrome открой на весь экран плиз,maximize_app
google chrome открой на весь экран пожалуйста,maximize_app
google chrome открой на весь экран срочно,maximize_app
google chrome развери быстро,maximize_app
google chrome разверни,maximize_app
google chrome разверни мне надо,maximize_app
google chrome разверни плиз,maximize_app
google chrome разверни пожалуйста,maximize_app
google chrome разверни сейчас,maximize_app
google chrome разерни,maximize_app
брауер разверни,maximize_app
браузер давай развери,maximize_app
браузер давай разверни,maximize_app
браузер давай разверни плиз,maximize_app
браузер давай разверни пожалуйста,maximize_app
браузер давай разверни сейчас,maximize_app
браузер давай разверни срочно,maximize_app
браузер давай разврни,maximize_app
браузер максимизируй,maximize_app
браузер максимизируй мне надо,maximize_app
браузер максимизируй плиз,maximize_app
браузер максимизируй пожалуйста,maximize_app
браузер максимизируй сейчас,maximize_app
браузер максимизируй срочно,maximize_app
браузер мксимизируй,maximize_app
браузер можешь открыть на весь экран,maximize_app
браузер можешь открыть на весь экран срочно,maximize_app
браузер можешь развернуть,maximize_app
браузер можешь развернуть мне надо,maximize_app
браузер можешь развернуть плиз,maximize_app
браузер можешь развернуть пожалуйста,maximize_app
браузер можешь развернуть срочно,maximize_app
браузер открой на весь кран быстро,maximize_app
браузер открой на весь экран,maximize_app
браузер открой на весь экран быстро,maximize_app
браузер открой на весь экран мне надо,maximize_app
браузер открой на весь экран срочно,maximize_app
браузер разверни,maximize_app
браузер разверни быстро,maximize_app
браузер разверни пожалуйста,maximize_app
браузер разверни сейчас,maximize_app
браузер разверни срочно,maximize_app
браузер разврни пожалуйста,maximize_app
браузр давай разверни,maximize_app
браузр можешь развернуть,maximize_app
брузер максимизируй,maximize_app
брузер можешь развернуть,maximize_app
быстро давай разверни chrome,maximize_app
быстро давай разверни chrome мне надо,maximize_app
быстро давай разверни chrome срочно,maximize_app
быстро давай разверни google chrome,maximize_app
быстро давай разверни браузер,maximize_app
быстро давай разверни браузер сейчас,maximize_app
быстро давай разверни окно,maximize_app
быстро давай разверни хром,maximize_app
быстро давай разверни хром пожалуйста,maximize_app
быстро давай разерни chrome мне надо,maximize_app
быстро максимизируй chrome,maximize_app
быстро максимизируй chrome пожалуйста,maximize_app
быстро максимизируй google chrome плиз,maximize_app
быстро максимизируй брауер сейчас,maximize_app
быстро максимизируй браузер,maximize_app
быстро максимизируй браузер сейчас,maximize_app
быстро максимизируй браузр,maximize_app
быстро максимизируй окно срочно,maximize_app
быстро максимизируй хром,maximize_app
быстро максимизируй хром мне надо,maximize_app
быстро максимизируй хром пожалуйста,maximize_app
быстро можешь открыть на весь экран google chrome,maximize_app
быстро можешь открыть на весь экран браузер,maximize_app
быстро можешь открыть на весь экран браузер мне надо,maximize_app
быстро можешь открыть на весь экран окно плиз,maximize_app
быстро можешь открыть на весь экран окно срочно,maximize_app
быстро можешь открыть на весь экран хром,maximize_app
быстро можешь открыть на весь экран хром плиз,maximize_app
быстро можешь развернуть chrome,maximize_app
быстро можешь развернуть google chrome,maximize_app
быстро можешь развернуть google chrome плиз,maximize_app
быстро можешь развернуть окно,maximize_app
быстро можешь развернуть окно мне надо,maximize_app
быстро можешь развернуть окно сейчас,maximize_app
быстро можешь развернуть хром плиз,maximize_app
быстро можешь развернуть хром сейчас,maximize_app
быстро откро на весь экран google chrome,maximize_app
быстро открой на весь кран chrome,maximize_app
быстро открой на весь кран браузер,maximize_app
быстро открой на весь экран chrome,maximize_app
быстро открой на весь экран chrome пожалуйста,maximize_app
быстро открой на весь экран google chrome срочно,maximize_app
быстро открой на весь экран браузер мне надо,maximize_app
быстро открой на весь экран окно,maximize_app
быстро открой на весь экран окно пожалуйста,maximize_app
быстро разверни chrome,maximize_app
быстро разверни chrome срочно,maximize_app
быстро разверни google chrome,maximize_app
быстро разверни браузер плиз,maximize_app
быстро разверни браузер срочно,maximize_app
быстро разверни браузр быстро,maximize_app
быстро разверни окно мне надо,maximize_app
быстро разверни окно пожалуйста,maximize_app
быстро разверни окно срочно,maximize_app
быстро разверни хром,maximize_app
быстро разверни хром мне надо,maximize_app
быстро разверни хром плиз,maximize_app
быстро разерни браузер,maximize_app
давай развери google chrome плиз,maximize_app
давай разверни chrome,maximize_app
давай разверни chrome мне надо,maximize_app
давай разверни chrome сейчас,maximize_app
давай разверни google chrome,maximize_app
давай разверни google chrome быстро,maximize_app
давай разверни google chrome пожалуйста,maximize_app
давай разверни google chrome сейчас,maximize_app
давай разверни браузер,maximize_app
давай разверни браузер быстро,maximize_app
давай разверни браузер мне надо,maximize_app
давай разверни браузер плиз,maximize_app
давай разверни браузер сейчас,maximize_app
давай разверни браузер срочно,maximize_app
давай разверни брузер сейчас,maximize_app
давай разверни окно,maximize_app
давай разверни окно мне надо,maximize_app
давай разверни окно плиз,maximize_app
давай разверни окно пожалуйста,maximize_app
давай разверни окно срочно,maximize_app
давай разверни раузер плиз,maximize_app
давай разверни хрм,maximize_app
давай разверни хрм плиз,maximize_app
давай разверни хром,maximize_app
давай разверни хром быстро,maximize_app
давай разверни хром мне надо,maximize_app
давай разверни хром плиз,maximize_app
давай разверни хром сейчас,maximize_app
давай разверни хром срочно,maximize_app
давай разврни chrome,maximize_app
давай разерни chrome сейчас,maximize_app
давай разерни google chrome пожалуйста,maximize_app
давай разерни браузер,maximize_app
максиизируй chrome,maximize_app
максиизируй google chrome быстро,maximize_app
максиизируй хром,maximize_app
максимизирй chrome,maximize_app
максимизирй google chrome,maximize_app
максимизирй хром,maximize_app
максимизируй chrome,maximize_app
максимизируй chrome быстро,maximize_app
максимизируй chrome плиз,maximize_app
максимизируй chrome пожалуйста,maximize_app
максимизируй chrome сейчас,maximize_app
максимизируй google chrome,maximize_app
максимизируй google chrome быстро,maximize_app
максимизируй google chrome мне надо,maximize_app
максимизируй google chrome пожалуйста,maximize_app
максимизируй google chrome сейчас,maximize_app
максимизируй браузер,maximize_app
максимизируй браузер быстро,maximize_app
максимизируй браузер плиз,maximize_app
максимизируй браузер пожалуйста,maximize_app
максимизируй браузер сейчас,maximize_app
максимизируй браузер срочно,maximize_app
максимизируй окн,maximize_app
максимизируй окно,maximize_app
максимизируй окно быстро,maximize_app
максимизируй окно мне надо,maximize_app
максимизируй окно плиз,maximize_app
максимизируй окно пожалуйста,maximize_app
максимизируй окно срочно,maximize_app
максимизируй раузер,maximize_app
максимизируй хром,maximize_app
максимизируй хром быстро,maximize_app
максимизируй хром мне надо,maximize_app
максимизируй хром плиз,maximize_app
максимизируй хром пожалуйста,maximize_app
максимизируй хром сейчас,maximize_app
максимизируй хром срочно,maximize_app
мксимизируй google chrome,maximize_app
мксимизируй google chrome быстро,maximize_app
мксимизируй google chrome плиз,maximize_app
мне надо давай разверни chrome,maximize_app
мне надо давай разверни google chrome,maximize_app
мне надо давай разверни google chrome сейчас,maximize_app
мне надо давай разверни google chrome срочно,maximize_app
мне надо давай разверни браузер плиз,maximize_app
мне надо давай разверни кно,maximize_app
мне надо давай разверни окно плиз,maximize_app
мне надо давай разверни окно сейчас,maximize_app
мне надо давай разверни окно срочно,maximize_app
мне надо давай разверни хром плиз,maximize_app
мне надо максимизируй chrome,maximize_app
мне надо максимизируй chrome сейчас,maximize_app
мне надо максимизируй chrome срочно,maximize_app
мне надо максимизируй google chrome,maximize_app
мне надо максимизируй google chrome быстро,maximize_app
мне надо максимизируй google chrome пожалуйста,maximize_app
мне надо максимизируй google chrome сейчас,maximize_app
мне надо максимизируй браузер,maximize_app
мне надо максимизируй браузер пожалуйста,maximize_app
мне надо максимизируй окно,maximize_app
мне надо максимизируй окно срочно,maximize_app
мне надо максимизируй хро мне надо,maximize_app
мне надо максимизируй хром,maximize_app
мне надо максимизируй хром пожалуйста,maximize_app
мне надо можешь открыть на весь экран chrome,maximize_app
мне надо можешь открыть на весь экран chrome мне надо,maximize_app
мне надо можешь открыть на весь экран google chrome,maximize_app
мне надо можешь открыть на весь экран google chrome мне надо,maximize_app
мне надо можешь открыть на весь экран браузер,maximize_app
мне надо можешь открыть на весь экран окно,maximize_app
мне надо можешь развернуть chrome,maximize_app
мне надо можешь развернуть google chrome,maximize_app
мне надо можешь развернуть google chrome срочно,maximize_app
мне надо можешь развернуть браузер,maximize_app
мне надо можешь развернуть окн плиз,maximize_app
мне надо можешь развернуть хром,maximize_app
мне надо окрой на весь экран chrome,maximize_app
мне надо открой на весь экран google chrome срочно,maximize_app
мне надо открой на весь экран браузер быстро,maximize_app
мне надо открой на весь экран кно пожалуйста,maximize_app
мне надо открой на весь экран окно,maximize_app
мне надо открой на весь экран окно плиз,maximize_app
мне надо открой на весь экран хром,maximize_app
мне надо открой на весь экран хром мне надо,maximize_app
мне надо развери браузер,maximize_app
мне надо разверни chrome,maximize_app
мне надо разверни google chrome,maximize_app
мне надо разверни браузер,maximize_app
мне надо разверни браузер плиз,maximize_app
мне надо разверни браузер пожалуйста,maximize_app
мне надо разверни браузер сейчас,maximize_app
мне надо разверни хром срочно,maximize_app
можешь открыть на весь кран chrome,maximize_app
можешь открыть на весь кран chrome сейчас,maximize_app
можешь открыть на весь кран браузер,maximize_app
можешь открыть на весь кран браузер пожалуйста,maximize_app
можешь открыть на весь экра chrome,maximize_app
можешь открыть на весь экра google chrome,maximize_app
можешь открыть на весь экра браузер,maximize_app
можешь открыть на весь экра окно,maximize_app
можешь открыть на весь экран chrome,maximize_app
можешь открыть на весь экран chrome быстро,maximize_app
можешь открыть на весь экран chrome мне надо,maximize_app
можешь открыть на весь экран chrome плиз,maximize_app
можешь открыть на весь экран chrome пожалуйста,maximize_app
можешь открыть на весь экран chrome срочно,maximize_app
можешь открыть на весь экран google chrome,maximize_app
можешь открыть на весь экран google chrome быстро,maximize_app
можешь открыть на весь экран google chrome мне надо,maximize_app
можешь открыть на весь экран google chrome плиз,maximize_app
можешь открыть на весь экран google chrome пожалуйста,maximize_app
можешь открыть на весь экран google chrome пожалуста,maximize_app
можешь открыть на весь экран google chrome сейчас,maximize_app
можешь открыть на весь экран google chrome срочно,maximize_app
можешь открыть на весь экран брауер,maximize_app
можешь открыть на весь экран браузер,maximize_app
можешь открыть на весь экран браузер быстро,maximize_app
можешь открыть на весь экран браузер плиз,maximize_app
можешь открыть на весь экран браузер пожалуйста,maximize_app
можешь открыть на весь экран окно,maximize_app
можешь открыть на весь экран окно плиз,maximize_app
можешь открыть на весь экран окно пожалуйста,maximize_app
можешь открыть на весь экран окно сейчас,maximize_app
можешь открыть на весь экран окно срочно,maximize_app
можешь открыть на весь экран раузер пожалуйста,maximize_app
можешь открыть на весь экран хом,maximize_app
можешь открыть на весь экран хрм,maximize_app
можешь открыть на весь экран хром,maximize_app
можешь открыть на весь экран хром мне надо,maximize_app
можешь открыть на весь экран хром пожалуйста,maximize_app
можешь развернуть chrome,maximize_app
можешь развернуть chrome быстро,maximize_app
можешь развернуть chrome мне надо,maximize_app
можешь развернуть chrome плиз,maximize_app
можешь развернуть chrome пожалуйста,maximize_app
можешь развернуть chrome пожалуста,maximize_app
можешь развернуть chrome сейчас,maximize_app
можешь развернуть chrome срочно,maximize_app
можешь развернуть google chrome,maximize_app
можешь развернуть google chrome мне надо,maximize_app
можешь развернуть google chrome плиз,maximize_app
можешь развернуть брауер,maximize_app
можешь развернуть браузер,maximize_app
можешь развернуть браузер быстро,maximize_app
можешь развернуть браузер сейчас,maximize_app
можешь развернуть браузер срочно,maximize_app
можешь развернуть браузр плиз,maximize_app
можешь развернуть брузер,maximize_app
можешь развернуть брузер мне надо,maximize_app
можешь развернуть окно,maximize_app
можешь развернуть окно быстро,maximize_app
можешь развернуть окно мне надо,maximize_app
можешь развернуть окно сейчас,maximize_app
можешь развернуть окно срочно,maximize_app
можешь развернуть хом,maximize_app
можешь развернуть хрм,maximize_app
можешь развернуть хро,maximize_app
можешь развернуть хром,maximize_app
можешь развернуть хром быстро,maximize_app
можешь развернуть хром мне надо,maximize_app
можешь развернуть хром плиз,maximize_app
можешь развернуть хром сейчас,maximize_app
окн максимизируй,maximize_app
окн можешь развернуть сейчас,maximize_app
окно давай разверни,maximize_app
окно давай разверни быстро,maximize_app
окно давай разверни мне надо,maximize_app
окно давай разверни плиз,maximize_app
окно давай разверни пожалуйста,maximize_app
окно давай разверни сейчас,maximize_app
окно давай разверни срочно,maximize_app
окно максиизируй быстро,maximize_app
окно максимизирй,maximize_app
окно максимизируй,maximize_app
окно максимизируй быстро,maximize_app
окно максимизируй мне надо,maximize_app
окно максимизируй плиз,maximize_app
окно максимизируй пожалуйста,maximize_app
окно максимизируй сейчас,maximize_app
окно максимизируй срочно,maximize_app
окно можешь открыть на весь экран,maximize_app
окно можешь открыть на весь экран мне надо,maximize_app
окно можешь открыть на весь экран плиз,maximize_app
окно можешь открыть на весь экран пожалуйста,maximize_app
окно можешь открыть на весь экран срочно,maximize_app
окно можешь развернуть,maximize_app
окно можешь развернуть быстро,maximize_app
окно можешь развернуть пожалуйста,maximize_app
окно можешь развернуть срочно,maximize_app
окно открой на весь кран,maximize_app
окно открой на весь кран пожалуйста,maximize_app
окно открой на весь экран,maximize_app
окно открой на весь экран быстро,maximize_app
окно открой на весь экран плиз,maximize_app
окно открой на весь экран сейчас,maximize_app
окно открой на весь экран срочно,maximize_app
окно разверни,maximize_app
окно разверни быстро,maximize_app
окно разверни пожалуйста,maximize_app
окно разверни сейчас,maximize_app
окно разверни срочно,maximize_app
окно разврни плиз,maximize_app
око можешь открыть на весь экран,maximize_app
окрой на весь экран google chrome,maximize_app
окрой на весь экран браузер,maximize_app
открой на весь кран google chrome,maximize_app
открой на весь кран окно быстро,maximize_app
открой на весь экран chrome,maximize_app
открой на весь экран chrome быстро,maximize_app
открой на весь экран chrome пожалуйста,maximize_app
открой на весь экран google chrome,maximize_app
открой на весь экран google chrome мне надо,maximize_app
открой на весь экран google chrome плиз,maximize_app
открой на весь экран google chrome пожалуйста,maximize_app
открой на весь экран google chrome сейчас,maximize_app
открой на весь экран google chrome срочно,maximize_app
открой на весь экран браузер,maximize_app
открой на весь экран браузер быстро,maximize_app
открой на весь экран браузер мне надо,maximize_app
открой на весь экран браузер плиз,maximize_app
открой на весь экран браузер пожалуйста,maximize_app
открой на весь экран браузер срочно,maximize_app
открой на весь экран браузр сейчас,maximize_app
открой на весь экран окно,maximize_app
открой на весь экран окно быстро,maximize_app
открой на весь экран окно мне надо,maximize_app
открой на весь экран окно плиз,maximize_app
открой на весь экран окно пожалуйста,maximize_app
открой на весь экран окно сейчас,maximize_app
открой на весь экран хром,maximize_app
открой на весь экран хром плиз,maximize_app
открой на весь экран хром сейчас,maximize_app
открой на весь экран хром срочно,maximize_app
отрой на весь экран google chrome,maximize_app
пжалуйста максимизируй chrome сейчас,maximize_app
плиз давай развери chrome мне надо,maximize_app
плиз давай разверни chrome,maximize_app
плиз давай разверни chrome быстро,maximize_app
плиз давай разверни chrome мне надо,maximize_app
плиз давай разверни google chrome,maximize_app
плиз давай разверни браузер,maximize_app
плиз давай разверни хром,maximize_app
плиз максимизируй google chrome мне надо,maximize_app
плиз максимизируй google chrome плиз,maximize_app
плиз максимизируй браузер,maximize_app
плиз максимизируй браузер плиз,maximize_app
плиз максимизируй браузр,maximize_app
плиз максимизируй брузер сейчас,maximize_app
плиз максимизируй окно,maximize_app
плиз максимизируй окно мне надо,maximize_app
плиз максимизируй окно плиз,maximize_app
плиз максимизируй хром,maximize_app
плиз можешь открыть на весь экран chrome мне надо,maximize_app
плиз можешь открыть на весь экран google chrome мне надо,maximize_app
плиз можешь открыть на весь экран браузер,maximize_app
плиз можешь открыть на весь экран браузер мне надо,maximize_app
плиз можешь открыть на весь экран окно,maximize_app
плиз можешь открыть на весь экран окно срочно,maximize_app
плиз можешь развернуть chrome,maximize_app
плиз можешь развернуть chrome мне надо,maximize_app
плиз можешь развернуть chrome пожалуста,maximize_app
плиз можешь развернуть chrome срочно,maximize_app
плиз можешь развернуть google chrome,maximize_app
плиз можешь развернуть браузер быстро,maximize_app
плиз можешь развернуть браузер сейчас,maximize_app
плиз можешь развернуть окно,maximize_app
плиз можешь развернуть хром,maximize_app
плиз можешь развернуть хром срочно,maximize_app
плиз открой на весь экран google chrome,maximize_app
плиз открой на весь экран google chrome быстро,maximize_app
плиз открой на весь экран браузер,maximize_app
плиз открой на весь экран окно,maximize_app
плиз открой на весь экран хром сейчас,maximize_app
плиз разверни chrome,maximize_app
плиз разверни chrome сейчас,maximize_app
плиз разверни google chrome,maximize_app
плиз разверни окно,maximize_app
плиз разверни хром плиз,maximize_app
пожалйста можешь открыть на весь экран chrome быстро,maximize_app
пожалйста можешь развернуть браузер мне надо,maximize_app
пожалуйста давай разверни chrome плиз,maximize_app
пожалуйста давай разверни google chrome плиз,maximize_app
пожалуйста давай разверни браузер,maximize_app
пожалуйста давай разверни браузер быстро,maximize_app
пожалуйста давай разверни браузер мне надо,maximize_app
пожалуйста давай разверни браузер пожалуйста,maximize_app
пожалуйста давай разверни браузер сейчас,maximize_app
пожалуйста давай разверни окно,maximize_app
пожалуйста давай разверни окно срочно,maximize_app
пожалуйста давай разверни хром,maximize_app
пожалуйста максимизируй google chrome,maximize_app
пожалуйста максимизируй google chrome плиз,maximize_app
пожалуйста максимизируй браузер,maximize_app
пожалуйста максимизируй окно срочно,maximize_app
пожалуйста максимизируй хром,maximize_app
пожалуйста можешь открыть на весь экран chrome,maximize_app
пожалуйста можешь открыть на весь экран браузер сейчас,maximize_app
пожалуйста можешь открыть на весь экран окно плиз,maximize_app
пожалуйста можешь открыть на весь экран окно срочно,maximize_app
пожалуйста можешь открыть на весь экран хром,maximize_app
пожалуйста можешь открыть на весь экран хром сейчас,maximize_app
пожалуйста можешь развернуть chrome,maximize_app
пожалуйста можешь развернуть chrome мне надо,maximize_app
пожалуйста можешь развернуть google chrome сейчас,maximize_app
пожалуйста можешь развернуть браузер,maximize_app
пожалуйста можешь развернуть браузер пожалуйста,maximize_app
пожалуйста можешь развернуть браузер срочно,maximize_app
пожалуйста можешь развернуть окно,maximize_app
пожалуйста можешь развернуть окно мне надо,maximize_app
пожалуйста можешь развернуть окно сейчас,maximize_app
пожалуйста можешь развернуть хром,maximize_app
пожалуйста окрой на весь экран браузер плиз,maximize_app
пожалуйста открой на весь экран chrome,maximize_app
пожалуйста открой на весь экран браузер пожалуйста,maximize_app
пожалуйста открой на весь экран браузер срочно,maximize_app
пожалуйста открой на весь экран окно,maximize_app
пожалуйста открой на весь экран око,maximize_app
пожалуйста открой на весь экран хром,maximize_app
пожалуйста отрой на весь экран браузер,maximize_app
пожалуйста разверни chrome,maximize_app
пожалуйста разверни chrome мне надо,maximize_app
пожалуйста разверни google chrome,maximize_app
пожалуйста разверни google chrome пожалуйста,maximize_app
пожалуйста разверни google chrome сейчас,maximize_app
пожалуйста разверни google chrome срочно,maximize_app
пожалуйста разверни браузер,maximize_app
пожалуйста разверни браузер плиз,maximize_app
пожалуйста разверни хром плиз,maximize_app
развери google chrome,maximize_app
разверни chrome,maximize_app
разверни chrome быстро,maximize_app
разверни chrome плиз,maximize_app
разверни chrome срочно,maximize_app
разверни google chrome,maximize_app
разверни google chrome мне надо,maximize_app
разверни google chrome сейчас,maximize_app
разверни google chrome срочно,maximize_app
разверни браузер,maximize_app
разверни браузер мне надо,maximize_app
разверни браузер плиз,maximize_app
разверни браузер сейчас,maximize_app
разверни браузер срочно,maximize_app
разверни окн сейчас,maximize_app
разверни окно,maximize_app
разверни окно быстро,maximize_app
разверни окно плиз,maximize_app
разверни окно пожалуйста,maximize_app
разверни окно сейчас,maximize_app
разверни окно срочно,maximize_app
разверни хом быстро,maximize_app
разверни хром,maximize_app
разверни хром быстро,maximize_app
разверни хром плиз,maximize_app
разверни хром пожалуйста,maximize_app
разверни хром сейчас,maximize_app
разврни chrome сейчас,maximize_app
разерни google chrome,maximize_app
разерни браузер срочно,maximize_app
раузер максимизируй,maximize_app
раузер можешь развернуть быстро,maximize_app
раузер можешь развернуть сейчас,maximize_app
раузер разверни,maximize_app
сейчас давай разверни chrome мне надо,maximize_app
сейчас давай разверни google chrome,maximize_app
сейчас давай разверни google chrome пожалуйста,maximize_app
сейчас давай разверни браузер,maximize_app
сейчас давай разверни окно,maximize_app
сейчас давай разверни окно пожалуйста,maximize_app
сейчас давай разверни хром,maximize_app
сейчас давай разверни хром пожалуйста,maximize_app
сейчас максиизируй google chrome быстро,maximize_app
сейчас максимизируй chrome,maximize_app
сейчас максимизируй google chrome,maximize_app
сейчас максимизируй google chrome сейчас,maximize_app
сейчас максимизируй браузер,maximize_app
сейчас можешь открыть на весь экран chrome,maximize_app
сейчас можешь открыть на весь экран google chrome,maximize_app
сейчас можешь открыть на весь экран google chrome быстро,maximize_app
сейчас можешь открыть на весь экран google chrome мне надо,maximize_app
сейчас можешь открыть на весь экран окно,maximize_app
сейчас можешь открыть на весь экран окно пожалуйста,maximize_app
сейчас можешь открыть на весь экран окно сейчас,maximize_app
сейчас можешь открыть на весь экран хром сейчас,maximize_app
сейчас можешь развернуть chrome,maximize_app
сейчас можешь развернуть google chrome,maximize_app
сейчас можешь развернуть google chrome срочно,maximize_app
сейчас можешь развернуть окно быстро,maximize_app
сейчас можешь развернуть окно срочно,maximize_app
сейчас можешь развернуть раузер срочно,maximize_app
сейчас можешь развернуть хром,maximize_app
сейчас откро на весь экран хром,maximize_app
сейчас открой на весь экран chrome,maximize_app
сейчас открой на весь экран chrome срочно,maximize_app
сейчас открой на весь экран google chrome мне надо,maximize_app
сейчас открой на весь экран окно,maximize_app
сейчас открой на весь экран окно мне надо,maximize_app
сейчас открой на весь экран окно сейчас,maximize_app
сейчас открой на весь экран хром мне надо,maximize_app
сейчас разверни google chrome,maximize_app
сейчас разверни браузер,maximize_app
сейчас разверни браузер срочно,maximize_app
сейчас разверни браузр,maximize_app
сейчас разверни окно,maximize_app
сейчас разверни окно плиз,maximize_app
сейчас разверни хром пожалуйста,maximize_app
сейчас разврни chrome пожалуйста,maximize_app
срочно давай разверни chrome,maximize_app
срочно давай разверни google chrome,maximize_app
срочно давай разверни браузер быстро,maximize_app
срочно давай разверни браузер плиз,maximize_app
срочно давай разверни окно,maximize_app
срочно давай разверни окно мне надо,maximize_app
срочно давай разверни окно плиз,maximize_app
срочно давай разверни хром,maximize_app
срочно давай разверни хром сейчас,maximize_app
срочно максимизируй chrome,maximize_app
срочно максимизируй google chrome,maximize_app
срочно максимизируй google chrome плиз,maximize_app
срочно максимизируй браузер,maximize_app
срочно максимизируй браузер мне надо,maximize_app
срочно максимизируй окно,maximize_app
срочно максимизируй окно быстро,maximize_app
срочно максимизируй окно плиз,maximize_app
срочно максимизируй хрм,maximize_app
срочно максимизируй хром,maximize_app
срочно максимизируй хром срочно,maximize_app
срочно можешь открыть на весь экра google chrome мне надо,maximize_app
срочно можешь открыть на весь экран chrome,maximize_app
срочно можешь открыть на весь экран chrome мне надо,maximize_app
срочно можешь открыть на весь экран chrome плиз,maximize_app
срочно можешь открыть на весь экран google chrome,maximize_app
срочно можешь открыть на весь экран google chrome плиз,maximize_app
срочно можешь открыть на весь экран google chrome срочно,maximize_app
срочно можешь открыть на весь экран браузер,maximize_app
срочно можешь открыть на весь экран брузер,maximize_app
срочно можешь открыть на весь экран окно,maximize_app
срочно можешь открыть на весь экран окно плиз,maximize_app
срочно можешь открыть на весь экран хром,maximize_app
срочно можешь развернуть chrome,maximize_app
срочно можешь развернуть google chrome,maximize_app
срочно можешь развернуть браузер,maximize_app
срочно можешь развернуть окно,maximize_app
срочно можешь развернуть хром плиз,maximize_app
срочно можешь развернуть хром пожалуйста,maximize_app
срочно открой на весь кран google chrome,maximize_app
срочно открой на весь экран chrome,maximize_app
срочно открой на весь экран chrome сейчас,maximize_app
срочно открой на весь экран chrome срочно,maximize_app
срочно открой на весь экран google chrome,maximize_app
срочно открой на весь экран браузер,maximize_app
срочно открой на весь экран браузер мне надо,maximize_app
срочно открой на весь экран браузер пожалуйста,maximize_app
срочно открой на весь экран окно,maximize_app
срочно открой на весь экран хром сейчас,maximize_app
срочно разверни chrome,maximize_app
срочно разверни chrome срочно,maximize_app
срочно разверни google chrome,maximize_app
срочно разверни google chrome сейчас,maximize_app
срочно разверни браузер пожалуйста,maximize_app
срочно разверни окно мне надо,maximize_app
срочно разверни окно пожалуйста,maximize_app
срочно разверни хрм,maximize_app
срочно разверни хром плиз,maximize_app
срочно разерни chrome быстро,maximize_app
хом можешь развернуть мне надо,maximize_app
хрм максимизируй срочно,maximize_app
хро давай разверни сейчас,maximize_app
хро можешь открыть на весь экран,maximize_app
хро разверни,maximize_app
хром давай разверни,maximize_app
хром давай разверни быстро,maximize_app
хром давай разверни мне надо,maximize_app
хром давай разверни сейчас,maximize_app
хром давай разврни,maximize_app
хром давай разврни мне надо,maximize_app
хром давай разерни,maximize_app
хром максиизируй мне надо,maximize_app
хром максимизирй,maximize_app
хром максимизируй,maximize_app
хром максимизируй быстро,maximize_app
хром максимизируй плиз,maximize_app
хром максимизируй срочно,maximize_app
хром можешь открыть на весь экран,maximize_app
хром можешь открыть на весь экран мне надо,maximize_app
хром можешь открыть на весь экран плиз,maximize_app
хром можешь открыть на весь экран пожалуйста,maximize_app
хром можешь открыть на весь экран срочно,maximize_app
хром можешь развернуть,maximize_app
хром можешь развернуть мне надо,maximize_app
хром можешь развернуть пожалуйста,maximize_app
хром можешь развернуть срочно,maximize_app
хром открой на весь кран,maximize_app
хром открой на весь экра плиз,maximize_app
хром открой на весь экран,maximize_app
хром открой на весь экран быстро,maximize_app
хром открой на весь экран плиз,maximize_app
хром открой на весь экран пожалуйста,maximize_app
хром открой на весь экран сейчас,maximize_app
хром открой на весь экран срочно,maximize_app
хром разверни,maximize_app
хром разверни быстро,maximize_app
хром разверни пожалуйста,maximize_app
хром разерни,maximize_app
chrome давай сверни,minimize_app
chrome давай сверни плиз,minimize_app
chrome давай сверни сейчас,minimize_app
chrome давай сверни срочно,minimize_app
chrome можешь свернуть,minimize_app
chrome можешь свернуть быстро,minimize_app
chrome можешь свернуть мне надо,minimize_app
chrome можешь свернуть сейчас,minimize_app
chrome можешь свернуть срочно,minimize_app
chrome можешь скрыть,minimize_app
chrome можешь скрыть быстро,minimize_app
chrome можешь скрыть мне надо,minimize_app
chrome можешь скрыть плиз,minimize_app
chrome можешь скрыть срочно,minimize_app
chrome свери,minimize_app
chrome сверни,minimize_app
chrome сверни быстро,minimize_app
chrome сверни мне надо,minimize_app
chrome сверни плиз,minimize_app
chrome сверни пожалуйста,minimize_app
chrome сверни срочно,minimize_app
chrome серни,minimize_app
chrome скрой,minimize_app
chrome скрой быстро,minimize_app
chrome скрой плиз,minimize_app
chrome скрой срочно,minimize_app
chrome убери,minimize_app
chrome убери пожалйста,minimize_app
chrome убери пожалуйста,minimize_app
chrome убери сейчас,minimize_app
chrome убери срочно,minimize_app
chrome убри,minimize_app
chrome убри быстро,minimize_app
chrome уери срочно,minimize_app
google chrome давай свери,minimize_app
google chrome давай сверни,minimize_app
google chrome давай сверни быстро,minimize_app
google chrome давай сверни плиз,minimize_app
google chrome давай сверни пожалуйста,minimize_app
google chrome давай сверни сейчас,minimize_app
google chrome давай сверни срочно,minimize_app
google chrome можешь свернуть,minimize_app
google chrome можешь свернуть мне надо,minimize_app
google chrome можешь свернуть сейчас,minimize_app
google chrome можешь скрыть,minimize_app
google chrome можешь скрыть быстро,minimize_app
google chrome можешь скрыть плиз,minimize_app
google chrome можешь скрыть пожалуйста,minimize_app
google chrome можешь скрыть сейчас,minimize_app
google chrome можешь скрыть срочно,minimize_app
google chrome свери,minimize_app
google chrome сверни,minimize_app
google chrome сверни быстро,minimize_app
google chrome сверни пжалуйста,minimize_app
google chrome сверни сейчас,minimize_app
google chrome серни,minimize_app
google chrome серни мне надо,minimize_app
google chrome скрой,minimize_app
google chrome скрой мне надо,minimize_app
google chrome скрой плиз,minimize_app
google chrome скрой пожалуйста,minimize_app
google chrome скрой сейчас,minimize_app
google chrome скрой срочно,minimize_app
google chrome убери,minimize_app
google chrome убери плиз,minimize_app
google chrome убери срочно,minimize_app
google chrome убри,minimize_app
google chrome убри быстро,minimize_app
брауер можешь свернуть,minimize_app
брауер сверни мне надо,minimize_app
браузер давай сверни,minimize_app
браузер давай сверни мне надо,minimize_app
браузер давай сверни плиз,minimize_app
браузер давай сверни пожалуйста,minimize_app
браузер давай сверни сейчас,minimize_app
браузер можешь свернуть,minimize_app
браузер можешь свернуть быстро,minimize_app
браузер можешь свернуть мне надо,minimize_app
браузер можешь свернуть плиз,minimize_app
браузер можешь свернуть пожалуйта,minimize_app
браузер можешь свернуть срочно,minimize_app
браузер можешь скрыть,minimize_app
браузер можешь скрыть быстро,minimize_app
браузер можешь скрыть мне надо,minimize_app
браузер можешь скрыть пожалуйста,minimize_app
браузер можешь скрыть срочно,minimize_app
браузер свери,minimize_app
браузер сверни,minimize_app
браузер сверни плиз,minimize_app
браузер сверни сейчас,minimize_app
браузер сверни срочно,minimize_app
браузер скрой,minimize_app
браузер скрой быстро,minimize_app
браузер скрой мне надо,minimize_app
браузер скрой плиз,minimize_app
браузер скрой пожалуйста,minimize_app
браузер скрой сейчас,minimize_app
браузер скрой срочно,minimize_app
браузер срой пожалуйста,minimize_app
браузер убери,minimize_app
браузер убери быстро,minimize_app
браузер убери мне надо,minimize_app
браузер убери пожалуйста,minimize_app
браузер убери сейчас,minimize_app
браузер убери срочно,minimize_app
браузр можешь свернуть сейчас,minimize_app
браузр можешь скрыть,minimize_app
быстро давай сверни chrome,minimize_app
быстро давай сверни google chrome быстро,minimize_app
быстро давай сверни браузер,minimize_app
быстро давай сверни браузер быстро,minimize_app
быстро давай сверни хром,minimize_app
быстро давай сверни хром сейчас,minimize_app
быстро можешь свернуть chrome,minimize_app
быстро можешь свернуть google chrome,minimize_app
быстро можешь свернуть google chrome плиз,minimize_app
быстро можешь свернуть google chrome пожалуйста,minimize_app
быстро можешь свернуть браузер,minimize_app
быстро можешь свернуть окн,minimize_app
быстро можешь свернуть окно,minimize_app
быстро можешь свернуть хром,minimize_app
быстро можешь скрыть chrome,minimize_app
быстро можешь скрыть chrome быстро,minimize_app
быстро можешь скрыть chrome срочно,minimize_app
быстро можешь скрыть google chrome,minimize_app
быстро можешь скрыть google chrome сейчас,minimize_app
быстро можешь скрыть браузер,minimize_app
быстро можешь скрыть окно,minimize_app
быстро можешь скрыть окно пожалуйста,minimize_app
быстро можешь скрыть хом,minimize_app
быстро можешь скрыть хром,minimize_app
быстро можешь скрыть хром быстро,minimize_app
быстро можешь скрыть хром плиз,minimize_app
быстро сверни chrome,minimize_app
быстро сверни chrome срочно,minimize_app
быстро сверни браузер,minimize_app
быстро сверни окно,minimize_app
быстро сверни хром,minimize_app
быстро скрой chrome,minimize_app
быстро скрой chrome мне надо,minimize_app
быстро скрой google chrome,minimize_app
быстро скрой браузер,minimize_app
быстро скрой окно,minimize_app
быстро скрой окно быстро,minimize_app
быстро скрой окно плиз,minimize_app
быстро скрой око пожалуйста,minimize_app
быстро скрой хром,minimize_app
быстро скрой хром плиз,minimize_app
быстро убеи chrome,minimize_app
быстро убеи окно срочно,minimize_app
быстро убери chrome,minimize_app
быстро убери google chrome,minimize_app
быстро убери google chrome пожалуйста,minimize_app
быстро убери браузер мне надо,minimize_app
быстро убери браузер сейчас,minimize_app
быстро убери окно быстро,minimize_app
давай свери chrome,minimize_app
давай свери google chrome,minimize_app
давай свери google chrome мне надо,minimize_app
давай свери google chrome сейчас,minimize_app
давай свери браузер,minimize_app
давай свери хром,minimize_app
давай сверни chrome,minimize_app
давай сверни chrome быстро,minimize_app
давай сверни chrome мне надо,minimize_app
давай сверни chrome плиз,minimize_app
давай сверни chrome сейчас,minimize_app
давай сверни google chrome,minimize_app
давай сверни google chrome пожалуйста,minimize_app
давай сверни google chrome срочно,minimize_app
давай сверни браузер,minimize_app
давай сверни браузер мне надо,minimize_app
давай сверни браузер плиз,minimize_app
давай сверни браузер сейчас,minimize_app
давай сверни браузер срочно,minimize_app
давай сверни окно,minimize_app
давай сверни окно быстро,minimize_app
давай сверни окно пожалуйста,minimize_app
давай сверни окно срочно,minimize_app
давай сверни око плиз,minimize_app
давай сверни хром,minimize_app
давай сверни хром быстро,minimize_app
давай сверни хром мне надо,minimize_app
давай сверни хром плиз,minimize_app
давай сверни хром сейчас,minimize_app
давай сверни хром срочно,minimize_app
давай серни chrome,minimize_app
давай серни chrome сейчас,minimize_app
давай серни google chrome,minimize_app
давай серни google chrome сейчас,minimize_app
кно можешь свернуть,minimize_app
мне надо давай свери хром быстро,minimize_app
мне надо давай сверни chrome,minimize_app
мне надо давай сверни chrome сейчас,minimize_app
мне надо давай сверни google chrome,minimize_app
мне надо давай сверни браузер,minimize_app
мне надо давай сверни окно срочно,minimize_app
мне надо давай сверни хром быстро,minimize_app
мне надо можешь свернуть chrome,minimize_app
мне надо можешь свернуть google chrome,minimize_app
мне надо можешь свернуть google chrome пожалуйста,minimize_app
мне надо можешь свернуть браузер,minimize_app
мне надо можешь свернуть браузер срочно,minimize_app
мне надо можешь свернуть хром,minimize_app
мне надо можешь скрыть chrome,minimize_app
мне надо можешь скрыть chrome пожалуйста,minimize_app
мне надо можешь скрыть google chrome,minimize_app
мне надо можешь скрыть google chrome быстро,minimize_app
мне надо можешь скрыть google chrome пожалуйта,minimize_app
мне надо можешь скрыть google chrome сейчас,minimize_app
мне надо можешь скрыть браузер,minimize_app
мне надо можешь скрыть окно,minimize_app
мне надо можешь скрыть окно срочно,minimize_app
мне надо можешь скрыть хром,minimize_app
мне надо можешь скрыть хром сейчас,minimize_app
мне надо сверни chrome,minimize_app
мне надо сверни chrome быстро,minimize_app
мне надо сверни google chrome,minimize_app
мне надо сверни браузер,minimize_app
мне надо сверни браузер сейчас,minimize_app
мне надо сверни окно срочно,minimize_app
мне надо сверни хром,minimize_app
мне надо скро хром плиз,minimize_app
мне надо скрой chrome,minimize_app
мне надо скрой google chrome,minimize_app
мне надо скрой google chrome сейчас,minimize_app
мне надо скрой браузер,minimize_app
мне надо скрой браузр,minimize_app
мне надо скрой окно мне надо,minimize_app
мне надо скрой окно пожалуйста,minimize_app
мне надо скрой окно сейчас,minimize_app
мне надо скрой хром,minimize_app
мне надо скрой хром быстро,minimize_app
мне надо убеи chrome,minimize_app
мне надо убери chrome,minimize_app
мне надо убери кно сейчас,minimize_app
мне надо убери окно,minimize_app
мне надо убери окно быстро,minimize_app
мне надо убери хрм срочно,minimize_app
мне надо убери хром,minimize_app
мне надо убери хром быстро,minimize_app
можешь свернуть chrome,minimize_app
можешь свернуть chrome мне надо,minimize_app
можешь свернуть chrome плиз,minimize_app
можешь свернуть chrome сейчас,minimize_app
можешь свернуть google chrome,minimize_app
можешь свернуть google chrome быстро,minimize_app
можешь свернуть google chrome мне надо,minimize_app
можешь свернуть google chrome плиз,minimize_app
можешь свернуть google chrome пожалуйста,minimize_app
можешь свернуть google chrome сейчас,minimize_app
можешь свернуть google chrome срочно,minimize_app
можешь свернуть брауер,minimize_app
можешь свернуть браузер,minimize_app
можешь свернуть браузер быстро,minimize_app
можешь свернуть браузер мне надо,minimize_app
можешь свернуть браузер плиз,minimize_app
можешь свернуть браузер пожалуйста,minimize_app
можешь свернуть браузер сейчас,minimize_app
можешь свернуть браузер срочно,minimize_app
можешь свернуть окно,minimize_app
можешь свернуть окно плиз,minimize_app
можешь свернуть окно пожалуйста,minimize_app
можешь свернуть окно сейчас,minimize_app
можешь свернуть окно срочно,minimize_app
можешь свернуть око,minimize_app
можешь свернуть оно,minimize_app
можешь свернуть раузер,minimize_app
можешь свернуть хом,minimize_app
можешь свернуть хом пожалуйста,minimize_app
можешь свернуть хром,minimize_app
можешь свернуть хром быстро,minimize_app
можешь свернуть хром мне надо,minimize_app
можешь свернуть хром пожалуйста,minimize_app
можешь свернуть хром срочно,minimize_app
можешь скрыть chrome,minimize_app
можешь скрыть chrome плиз,minimize_app
можешь скрыть chrome сейчас,minimize_app
можешь скрыть chrome срочно,minimize_app
можешь скрыть google chrome,minimize_app
можешь скрыть google chrome быстро,minimize_app
можешь скрыть google chrome плиз,minimize_app
можешь скрыть google chrome сейчас,minimize_app
можешь скрыть google chrome срочно,minimize_app
можешь скрыть браузер,minimize_app
можешь скрыть браузер быстро,minimize_app
можешь скрыть браузер мне надо,minimize_app
можешь скрыть браузер плиз,minimize_app
можешь скрыть браузер пожалуйста,minimize_app
можешь скрыть браузер сейчас,minimize_app
можешь скрыть браузер срочно,minimize_app
можешь скрыть окн,minimize_app
можешь скрыть окно,minimize_app
можешь скрыть окно быстро,minimize_app
можешь скрыть окно пожалуйста,minimize_app
можешь скрыть окно сейчас,minimize_app
можешь скрыть окно срочно,minimize_app
можешь скрыть раузер,minimize_app
можешь скрыть хом,minimize_app
можешь скрыть хро,minimize_app
можешь скрыть хром,minimize_app
можешь скрыть хром быстро,minimize_app
можешь скрыть хром мне надо,minimize_app
можешь скрыть хром плиз,minimize_app
можешь скрыть хром пожалуйста,minimize_app
можешь скрыть хром сейчас,minimize_app
можешь скрыть хром срочно,minimize_app
окн можешь свернуть,minimize_app
окно давай свери,minimize_app
окно давай сверни,minimize_app
окно давай сверни мне надо,minimize_app
окно давай сверни сейчас,minimize_app
окно давай сверни срочно,minimize_app
окно давай серни мне надо,minimize_app
окно можешь свернуть,minimize_app
окно можешь свернуть мне надо,minimize_app
окно можешь свернуть плиз,minimize_app
окно можешь свернуть сейчас,minimize_app
окно можешь свернуть срочно,minimize_app
окно можешь скрыть,minimize_app
окно можешь скрыть плиз,minimize_app
окно можешь скрыть сейчас,minimize_app
окно можешь скрыть срочно,minimize_app
окно сверни,minimize_app
окно сверни мне надо,minimize_app
окно сверни сейчас,minimize_app
окно сверни срочно,minimize_app
окно скрй,minimize_app
окно скрой,minimize_app
окно скрой быстро,minimize_app
окно скрой плиз,minimize_app
окно скрой пожалуйста,minimize_app
окно скрой срочно,minimize_app
окно убеи сейчас,minimize_app
окно убери,minimize_app
окно убери мне надо,minimize_app
окно убери срочно,minimize_app
око можешь свернуть,minimize_app
око можешь скрыть срочно,minimize_app
плиз давай свери браузер,minimize_app
плиз давай сверни chrome,minimize_app
плиз давай сверни google chrome,minimize_app
плиз давай сверни google chrome мне надо,minimize_app
плиз давай сверни google chrome срочно,minimize_app
плиз давай сверни браузер,minimize_app
плиз давай сверни окно,minimize_app
плиз давай сверни хрм,minimize_app
плиз давай сверни хро,minimize_app
плиз давай сверни хром,minimize_app
плиз можешь свернуть chrome,minimize_app
плиз можешь свернуть chrome пожалуйста,minimize_app
плиз можешь свернуть chrome сейчас,minimize_app
плиз можешь свернуть брауер плиз,minimize_app
плиз можешь свернуть браузер,minimize_app
плиз можешь свернуть окно,minimize_app
плиз можешь свернуть окно мне надо,minimize_app
плиз можешь свернуть окно плиз,minimize_app
плиз можешь свернуть хром,minimize_app
плиз можешь свернуть хром сейчас,minimize_app
плиз можешь скрыть chrome сейчас,minimize_app
плиз можешь скрыть google chrome мне надо,minimize_app
плиз можешь скрыть google chrome пожалуста,minimize_app
плиз можешь скрыть браузер пожалуйста,minimize_app
плиз можешь скрыть браузер срочно,minimize_app
плиз можешь скрыть окно,minimize_app
плиз можешь скрыть хром,minimize_app
плиз сверни chrome,minimize_app
плиз сверни google chrome,minimize_app
плиз сверни браузер,minimize_app
плиз сверни окно,minimize_app
плиз скро chrome,minimize_app
плиз скрой chrome,minimize_app
плиз скрой google chrome,minimize_app
плиз скрой google chrome сейчас,minimize_app
плиз скрой окно плиз,minimize_app
плиз скрой окно пожалуйста,minimize_app
плиз скрой хром,minimize_app
плиз скрой хром мне надо,minimize_app
плиз убери chrome,minimize_app
плиз убери google chrome,minimize_app
плиз убери google chrome плиз,minimize_app
плиз убери google chrome срочно,minimize_app
плиз убери браузер срочно,minimize_app
плиз убери окно,minimize_app
пожалйста можешь свернуть хром срочно,minimize_app
пожалуйста давай свери chrome,minimize_app
пожалуйста давай сверни chrome,minimize_app
пожалуйста давай сверни chrome пожалуйста,minimize_app
пожалуйста давай сверни google chrome,minimize_app
пожалуйста давай сверни google chrome плиз,minimize_app
пожалуйста давай сверни браузер,minimize_app
пожалуйста давай сверни браузер плиз,minimize_app
пожалуйста давай сверни браузер сейчас,minimize_app
пожалуйста давай сверни окно,minimize_app
пожалуйста давай сверни хром,minimize_app
пожалуйста можешь свернуть google chrome плиз,minimize_app
пожалуйста можешь свернуть google chrome сейчас,minimize_app
пожалуйста можешь свернуть браузер,minimize_app
пожалуйста можешь свернуть окно,minimize_app
пожалуйста можешь свернуть окно пожалуйста,minimize_app
пожалуйста можешь свернуть хром,minimize_app
пожалуйста можешь скрыть chrome,minimize_app
пожалуйста можешь скрыть chrome мне надо,minimize_app
пожалуйста можешь скрыть google chrome,minimize_app
пожалуйста можешь скрыть google chrome сейчас,minimize_app
пожалуйста можешь скрыть брауер плиз,minimize_app
пожалуйста можешь скрыть браузер,minimize_app
пожалуйста можешь скрыть браузер плиз,minimize_app
пожалуйста можешь скрыть окно,minimize_app
пожалуйста свери chrome,minimize_app
пожалуйста свери google chrome пожалуйста,minimize_app
пожалуйста свери окно сейчас,minimize_app
пожалуйста сверни chrome,minimize_app
пожалуйста сверни google chrome мне надо,minimize_app
пожалуйста сверни браузер,minimize_app
пожалуйста сверни браузер сейчас,minimize_app
пожалуйста сверни браузер срочно,minimize_app
пожалуйста сверни окно,minimize_app
пожалуйста сверни окно срочно,minimize_app
пожалуйста сверни хром,minimize_app
пожалуйста скрой google chrome срочно,minimize_app
пожалуйста скрой браузер,minimize_app
пожалуйста скрой браузер срочно,minimize_app
пожалуйста скрой окно,minimize_app
пожалуйста скрой оно сейчас,minimize_app
пожалуйста скрой хром,minimize_app
пожалуйста скрой хром сейчас,minimize_app
пожалуйста убери chrome,minimize_app
пожалуйста убери браузер,minimize_app
пожалуйста убери окно,minimize_app
пожалуйста убери окно мне надо,minimize_app
пожалуйста убери окно пожалуйста,minimize_app
пожалуйста убери раузер,minimize_app
пожалуйста убери хром,minimize_app
пожалуйста убери хром быстро,minimize_app
пожалуйста убери хром мне надо,minimize_app
пожалуйста убери хром сейчас,minimize_app
пожалуйта можешь свернуть google chrome,minimize_app
пожалуйта можешь свернуть окно,minimize_app
пожалуйта скрой google chrome плиз,minimize_app
пожалуста давай сверни google chrome,minimize_app
пожалуста можешь свернуть окно,minimize_app
раузер можешь скрыть быстро,minimize_app
раузер сверни,minimize_app
свери браузер,minimize_app
свери окно,minimize_app
свери окно пожалуйста,minimize_app
сверни chrome,minimize_app
сверни chrome быстро,minimize_app
сверни chrome мне надо,minimize_app
сверни chrome плиз,minimize_app
сверни chrome сейчас,minimize_app
сверни chrome срочно,minimize_app
сверни google chrome,minimize_app
сверни google chrome быстро,minimize_app
сверни google chrome мне надо,minimize_app
сверни google chrome плиз,minimize_app
сверни google chrome пожалуйста,minimize_app
сверни google chrome сейчас,minimize_app
сверни google chrome срочно,minimize_app
сверни браузер,minimize_app
сверни браузер плиз,minimize_app
сверни браузер пожалуйста,minimize_app
сверни брузер сейчас,minimize_app
сверни окн,minimize_app
сверни окно,minimize_app
сверни окно быстро,minimize_app
сверни окно мне надо,minimize_app
сверни окно плиз,minimize_app
сверни окно сейчас,minimize_app
сверни око,minimize_app
сверни раузер,minimize_app
сверни хро пожалуйста,minimize_app
сверни хром,minimize_app
сверни хром быстро,minimize_app
сверни хром мне надо,minimize_app
сверни хром плиз,minimize_app
сверни хром сейчас,minimize_app
сейчас давай сверни google chrome быстро,minimize_app
сейчас давай сверни google chrome плиз,minimize_app
сейчас давай сверни google chrome пожалуйста,minimize_app
сейчас давай сверни браузер,minimize_app
сейчас давай сверни браузер срочно,minimize_app
сейчас давай сверни брузер,minimize_app
сейчас давай сверни окно,minimize_app
сейчас давай сверни окно мне надо,minimize_app
сейчас можешь свернуть chrome,minimize_app
сейчас можешь свернуть chrome сейчас,minimize_app
сейчас можешь свернуть браузер,minimize_app
сейчас можешь свернуть брузер,minimize_app
сейчас можешь свернуть окно мне надо,minimize_app
сейчас можешь скрыть chrome,minimize_app
сейчас можешь скрыть chrome плиз,minimize_app
сейчас можешь скрыть chrome срочно,minimize_app
сейчас можешь скрыть google chrome,minimize_app
сейчас можешь скрыть google chrome быстро,minimize_app
сейчас можешь скрыть оно,minimize_app
сейчас можешь скрыть хро,minimize_app
сейчас можешь скрыть хром,minimize_app
сейчас сверни chrome,minimize_app
сейчас сверни браузер срочно,minimize_app
сейчас сверни окно,minimize_app
сейчас сверни окно быстро,minimize_app
сейчас сверни окно сейчас,minimize_app
сейчас сверни хром,minimize_app
сейчас серни хром,minimize_app
сейчас скрой chrome,minimize_app
сейчас скрой браузер,minimize_app
сейчас скрой браузер быстро,minimize_app
сейчас скрой браузер срочно,minimize_app
сейчас скрой окно,minimize_app
сейчас скрой окно мне надо,minimize_app
сейчас скрой раузер плиз,minimize_app
сейчас скрой хром,minimize_app
сейчас скрой хром пожалуйста,minimize_app
сейчас убери chrome,minimize_app
сейчас убери chrome сейчас,minimize_app
сейчас убери google chrome,minimize_app
сейчас убери google chrome быстро,minimize_app
сейчас убери браузер,minimize_app
сейчас убери браузер плиз,minimize_app
сейчас убери окно,minimize_app
сейчас убери хром,minimize_app
серни chrome,minimize_app
серни chrome плиз,minimize_app
серни браузер сейчас,minimize_app
серни окно,minimize_app
скрй chrome,minimize_app
скрй google chrome,minimize_app
скро браузер,minimize_app
скро окно,minimize_app
скрой chrome,minimize_app
скрой chrome мне надо,minimize_app
скрой chrome плиз,minimize_app
скрой chrome пожалуйста,minimize_app
скрой chrome сейчас,minimize_app
скрой google chrome,minimize_app
скрой google chrome быстро,minimize_app
скрой google chrome мне надо,minimize_app
скрой google chrome плиз,minimize_app
скрой google chrome пожалуйста,minimize_app
скрой google chrome сейчас,minimize_app
скрой браузер,minimize_app
скрой браузер быстро,minimize_app
скрой браузер плиз,minimize_app
скрой браузер пожалуйста,minimize_app
скрой браузер сейчас,minimize_app
скрой браузр плиз,minimize_app
скрой браузр пожалуйста,minimize_app
скрой окно,minimize_app
скрой окно плиз,minimize_app
скрой окно пожалуйста,minimize_app
скрой окно пожалуста,minimize_app
скрой окно сейчас,minimize_app
скрой раузер,minimize_app
скрой хом,minimize_app
скрой хрм быстро,minimize_app
скрой хро срочно,minimize_app
скрой хром,minimize_app
скрой хром быстро,minimize_app
скрой хром мне надо,minimize_app
скрой хром плиз,minimize_app
скрой хром пожалуйста,minimize_app
скрой хром сейчас,minimize_app
скрой хром срочно,minimize_app
срой chrome плиз,minimize_app
срочно давай сверни chrome,minimize_app
срочно давай сверни google chrome,minimize_app
срочно давай сверни google chrome сейчас,minimize_app
срочно давай сверни браузер,minimize_app
срочно давай сверни браузер пожалуйста,minimize_app
срочно давай сверни окн быстро,minimize_app
срочно давай сверни окно,minimize_app
срочно давай сверни окно мне надо,minimize_app
срочно давай сверни око,minimize_app
срочно давай сверни хром,minimize_app
срочно давай серни браузер мне надо,minimize_app
срочно можешь свернуть chrome,minimize_app
срочно можешь свернуть chrome плиз,minimize_app
срочно можешь свернуть chrome пожалуйста,minimize_app
срочно можешь свернуть google chrome,minimize_app
срочно можешь свернуть google chrome быстро,minimize_app
срочно можешь свернуть google chrome пожалуйста,minimize_app
срочно можешь свернуть google chrome сейчас,minimize_app
срочно можешь свернуть хром,minimize_app
срочно можешь скрыть chrome,minimize_app
срочно можешь скрыть google chrome,minimize_app
срочно можешь скрыть google chrome быстро,minimize_app
срочно можешь скрыть google chrome мне надо,minimize_app
срочно можешь скрыть google chrome плиз,minimize_app
срочно можешь скрыть браузер быстро,minimize_app
срочно можешь скрыть браузер сейчас,minimize_app
срочно можешь скрыть окно,minimize_app
срочно можешь скрыть хром,minimize_app
срочно можешь скрыть хром быстро,minimize_app
срочно свери chrome плиз,minimize_app
срочно сверни chrome,minimize_app
срочно сверни chrome мне надо,minimize_app
срочно сверни браузер,minimize_app
срочно сверни браузер быстро,minimize_app
срочно сверни браузер мне надо,minimize_app
срочно сверни браузер пожалуйста,minimize_app
срочно сверни окно,minimize_app
срочно сверни окно быстро,minimize_app
срочно сверни хром,minimize_app
срочно сверни хром сейчас,minimize_app
срочно сверни хром срочно,minimize_app
срочно скро google chrome,minimize_app
срочно скрой chrome,minimize_app
срочно скрой chrome мне надо,minimize_app
срочно скрой google chrome,minimize_app
срочно скрой google chrome быстро,minimize_app
срочно скрой браузер быстро,minimize_app
срочно скрой браузер пожалуйста,minimize_app
срочно скрой браузер срочно,minimize_app
срочно скрой окно,minimize_app
срочно скрой хром,minimize_app
срочно срой хром,minimize_app
срочно убери chrome,minimize_app
срочно убери браузер,minimize_app
срочно убери браузер пожалуйста,minimize_app
срочно убери хром пожалуйста,minimize_app
срочно убри chrome мне надо,minimize_app
срочно уери браузер быстро,minimize_app
убеи chrome,minimize_app
убеи окно,minimize_app
убери chrome,minimize_app
убери chrome быстро,minimize_app
убери chrome пожалуйста,minimize_app
убери chrome сейчас,minimize_app
убери google chrome,minimize_app
убери google chrome быстро,minimize_app
убери google chrome плиз,minimize_app
убери google chrome пожалуйста,minimize_app
убери google chrome сейчас,minimize_app
убери google chrome срочно,minimize_app
убери браузер,minimize_app
убери браузер быстро,minimize_app
убери браузер мне надо,minimize_app
убери браузер пожалуйста,minimize_app
убери браузер сейчас,minimize_app
убери браузер срочно,minimize_app
убери окн,minimize_app
убери окно,minimize_app
убери окно мне надо,minimize_app
убери окно сейчас,minimize_app
убери раузер срочно,minimize_app
убери хом,minimize_app
убери хрм,minimize_app
убери хро,minimize_app
убери хром,minimize_app
убери хром плиз,minimize_app
убери хром сейчас,minimize_app
убери хром срочно,minimize_app
убри chrome срочно,minimize_app
убри окно,minimize_app
уери google chrome,minimize_app
уери google chrome пожалуйста,minimize_app
уери окно,minimize_app
хом давай сверни,minimize_app
хрм давай сверни срочно,minimize_app
хрм сверни мне надо,minimize_app
хро давай сверни сейчас,minimize_app
хро можешь свернуть мне надо,minimize_app
хро скрой,minimize_app
хро убери,minimize_app
хром давай сверни,minimize_app
хром давай сверни быстро,minimize_app
хром давай сверни плиз,minimize_app
хром давай сверни пожалуйста,minimize_app
хром давай сверни сейчас,minimize_app
хром давай сверни срочно,minimize_app
хром можешь свернуть,minimize_app
хром можешь свернуть мне надо,minimize_app
хром можешь свернуть сейчас,minimize_app
хром можешь свернуть срочно,minimize_app
хром можешь скрыть,minimize_app
хром можешь скрыть плиз,minimize_app
хром можешь скрыть пожалуйста,minimize_app
хром можешь скрыть срочно,minimize_app
хром свери,minimize_app
хром сверни,minimize_app
хром сверни мне надо,minimize_app
хром сверни сейчас,minimize_app
хром сверни срочно,minimize_app
хром скрй плиз,minimize_app
хром скрой,minimize_app
хром скрой быстро,minimize_app
хром скрой пожалйста,minimize_app
хром скрой пожалуйста,minimize_app
хром скрой сейчас,minimize_app
хром скрой срочно,minimize_app
хром убеи сейчас,minimize_app
хром убери,minimize_app
хром убери быстро,minimize_app
хром убери плиз,minimize_app
хром убери пожалйста,minimize_app
хром убери пожалуйста,minimize_app
хром убери сейчас,minimize_app
хром убери срочно,minimize_app
chrome вклчи пожалуйста,open_app
chrome включи,open_app
chrome включи срочно,open_app
chrome влючи,open_app
chrome давай запусти,open_app
chrome давай запусти пожалуйста,open_app
chrome давай запусти сейчас,open_app
chrome давай запусти срочно,open_app
chrome давай открой,open_app
chrome давай открой быстро,open_app
chrome давай открой пожалуйста,open_app
chrome запусти,open_app
chrome запусти мне надо,open_app
chrome запусти сейчас,open_app
chrome запусти срочно,open_app
chrome можешь запустить,open_app
chrome можешь запустить быстро,open_app
chrome можешь запустить сейчас,open_app
chrome можешь запустить срочно,open_app
chrome можешь открыть,open_app
chrome можешь открыть быстро,open_app
chrome можешь открыть мне надо,open_app
chrome можешь открыть плиз,open_app
chrome окрой сейчас,open_app
chrome открой,open_app
chrome открой быстро,open_app
chrome открой сейчас,open_app
chrome отрой,open_app
google chrome вклчи срочно,open_app
google chrome включи,open_app
google chrome включи сейчас,open_app
google chrome включи срочно,open_app
google chrome давай запуси пожалуйста,open_app
google chrome давай запусти,open_app
google chrome давай запусти мне надо,open_app
google chrome давай запусти плиз,open_app
google chrome давай запусти пожалуйста,open_app
google chrome давай запусти сейчас,open_app
google chrome давай запусти срочно,open_app
google chrome давай откро срочно,open_app
google chrome давай открой,open_app
google chrome давай открой быстро,open_app
google chrome давай открой мне надо,open_app
google chrome давай открой плиз,open_app
google chrome давай открой сейчас,open_app
google chrome запуси,open_app
google chrome запусти,open_app
google chrome запусти плиз,open_app
google chrome запусти пожалуйста,open_app
google chrome запусти срочно,open_app
google chrome можешь запустить,open_app
google chrome можешь запустить быстро,open_app
google chrome можешь запустить срочно,open_app
google chrome можешь запутить,open_app
google chrome можешь открыть,open_app
google chrome можешь открыть быстро,open_app
google chrome можешь открыть плиз,open_app
google chrome можешь открыть пожалуйста,open_app
google chrome можешь открыть срочно,open_app
google chrome открой,open_app
google chrome открой мне надо,open_app
google chrome открой плиз,open_app
google chrome открой пожалуйста,open_app
google chrome открой срочно,open_app
брауер включи мне надо,open_app
браузер вклчи,open_app
браузер включи,open_app
браузер включи мне надо,open_app
браузер включи плиз,open_app
браузер включи пожалуйста,open_app
браузер включи сейчас,open_app
браузер влючи,open_app
браузер давай запуси,open_app
браузер давай запусти,open_app
браузер давай запусти мне надо,open_app
браузер давай запусти пожалуйста,open_app
браузер давай открой,open_app
браузер давай открой сейчас,open_app
браузер давай открой срочно,open_app
браузер запуст,open_app
браузер запусти,open_app
браузер запусти быстро,open_app
браузер запусти мне надо,open_app
браузер запусти пожалуйста,open_app
браузер можешь запустить,open_app
браузер можешь запустить мне надо,open_app
браузер можешь запустить пожалуйта,open_app
браузер можешь запустить срочно,open_app
браузер можешь запустть пожалуйста,open_app
браузер можешь открыть,open_app
браузер можешь открыть быстро,open_app
браузер можешь открыть срочно,open_app
браузер откро,open_app
браузер открой,open_app
браузер открой быстро,open_app
браузер открой плиз,open_app
браузер открой пожалуйста,open_app
браузер открой сейчас,open_app
брузер открой,open_app
быстро вклчи хром,open_app
быстро включи chrome,open_app
быстро включи chrome мне надо,open_app
быстро включи google chrome быстро,open_app
быстро включи браузер плиз,open_app
быстро включи гугл,open_app
быстро включи гугл хром,open_app
быстро вкючи хром,open_app
быстро давай запуси хром,open_app
быстро давай запусти chrome плиз,open_app
быстро давай запусти google chrome,open_app
быстро давай запусти гугл плиз,open_app
быстро давай запусти гугл хром срочно,open_app
быстро давай запусти хром срочно,open_app
быстро давай запути chrome мне надо,open_app
быстро давай откро chrome,open_app
быстро давай открой google chrome,open_app
быстро давай открой браузер,open_app
быстро давай открой гугл хром,open_app
быстро давай открой гугл хром сейчас,open_app
быстро давай открой хром,open_app
быстро давай открой хром быстро,open_app
быстро запусти google chrome,open_app
быстро запусти google chrome срочно,open_app
быстро запусти гугл,open_app
быстро запусти гугл хрм,open_app
быстро запусти гугл хром,open_app
быстро можешь запусить chrome,open_app
быстро можешь запустить chrome,open_app
быстро можешь запустить браузер,open_app
быстро можешь запустить гугл хром,open_app
быстро можешь запустть google chrome,open_app
быстро можешь запустть гугл,open_app
быстро можешь открыть chrome,open_app
быстро можешь открыть google chrome сейчас,open_app
быстро можешь открыть гугл,open_app
быстро можешь открыть гугл плиз,open_app
быстро можешь открыть хром,open_app
быстро открой chrome,open_app
быстро открой google chrome плиз,open_app
быстро открой google chrome сейчас,open_app
быстро открой гугл,open_app
быстро открой гугл хром плиз,open_app
быстро открой хром,open_app
быстро открой хром быстро,open_app
вклчи chrome срочно,open_app
включи chrome,open_app
включи chrome быстро,open_app
включи chrome пожалуйста,open_app
включи chrome сейчас,open_app
включи chrome срочно,open_app
включи google chrome,open_app
включи google chrome быстро,open_app
включи google chrome мне надо,open_app
включи google chrome пожалуйста,open_app
включи google chrome срочно,open_app
включи браузер,open_app
включи браузер плиз,open_app
включи браузер сейчас,open_app
включи браузер срочно,open_app
включи гугл,open_app
включи гугл быстро,open_app
включи гугл плиз,open_app
включи гугл срочно,open_app
включи гугл хро,open_app
включи гугл хром,open_app
включи гугл хром мне надо,open_app
включи гугл хром плиз,open_app
включи гугл хром пожалуйста,open_app
включи гугл хром срочно,open_app
включи хром,open_app
включи хром плиз,open_app
включи хром пожалуйста,open_app
влючи google chrome,open_app
гугл вклчи,open_app
гугл включи,open_app
гугл включи быстро,open_app
гугл включи мне надо,open_app
гугл вкючи,open_app
гугл вкючи быстро,open_app
гугл влючи,open_app
гугл давай запусти,open_app
гугл давай запусти быстро,open_app
гугл давай запути,open_app
гугл давай открой,open_app
гугл давай открой быстро,open_app
гугл давай открой пожалуста,open_app
гугл давай открой сейчас,open_app
гугл давай открой срочно,open_app
гугл давай отрой,open_app
гугл запусти,open_app
гугл запусти мне надо,open_app
гугл запусти сейчас,open_app
гугл можешь запустить,open_app
гугл можешь запустить быстро,open_app
гугл можешь запустить мне надо,open_app
гугл можешь запустить плиз,open_app
гугл можешь запутить,open_app
гугл можешь открыть,open_app
гугл можешь открыть мне надо,open_app
гугл можешь открыть плиз,open_app
гугл можешь открыть сейчас,open_app
гугл откро,open_app
гугл открой,open_app
гугл открой плиз,open_app
гугл открой срочно,open_app
гугл хом давай запусти,open_app
гугл хом можешь запустить,open_app
гугл хом можешь открыть,open_app
гугл хрм включи срочно,open_app
гугл хрм давай открой пожалуйста,open_app
гугл хрм можешь открыть,open_app
гугл хро давай запусти,open_app
гугл хро давай запусти быстро,open_app
гугл хро запусти,open_app
гугл хро запусти срочно,open_app
гугл хро можешь запустить,open_app
гугл хром включи,open_app
гугл хром включи быстро,open_app
гугл хром включи пожалуйста,open_app
гугл хром включи срочно,open_app
гугл хром влючи быстро,open_app
гугл хром давай запусти,open_app
гугл хром давай запусти быстро,open_app
гугл хром давай запусти плиз,open_app
гугл хром давай запусти сейчас,open_app
гугл хром давай открой,open_app
гугл хром давай открой мне надо,open_app
гугл хром давай открой плиз,open_app
гугл хром давай открой пожалуйста,open_app
гугл хром давай открой сейчас,open_app
гугл хром запуси,open_app
гугл хром запусти,open_app
гугл хром запусти плиз,open_app
гугл хром запусти сейчас,open_app
гугл хром можешь запустить,open_app
гугл хром можешь запустить мне надо,open_app
гугл хром можешь запустить пожалуйста,open_app
гугл хром можешь запустить сейчас,open_app
гугл хром можешь запустить срочно,open_app
гугл хром можешь запутить,open_app
гугл хром можешь открыть,open_app
гугл хром можешь открыть быстро,open_app
гугл хром можешь открыть мне надо,open_app
гугл хром открой,open_app
гугл хром открой быстро,open_app
гугл хром открой мне надо,open_app
гугл хром открой пожалуйста,open_app
давай запуст google chrome,open_app
давай запуст гугл срочно,open_app
давай запусти chrome,open_app
давай запусти chrome быстро,open_app
давай запусти chrome мне надо,open_app
давай запусти chrome плиз,open_app
давай запусти chrome сейчас,open_app
давай запусти chrome срочно,open_app
давай запусти google chrome,open_app
давай запусти google chrome быстро,open_app
давай запусти google chrome плиз,open_app
давай запусти google chrome пожалуйста,open_app
давай запусти google chrome сейчас,open_app
давай запусти google chrome срочно,open_app
давай запусти браузер,open_app
давай запусти браузер плиз,open_app
давай запусти браузер пожалуйста,open_app
давай запусти гугл,open_app
давай запусти гугл мне надо,open_app
давай запусти гугл пожалуйста,open_app
давай запусти гугл сейчас,open_app
давай запусти гугл срочно,open_app
давай запусти гугл хром,open_app
давай запусти гугл хром быстро,open_app
давай запусти гугл хром плиз,open_app
давай запусти гугл хром срочно,open_app
давай запусти хром,open_app
давай запусти хром мне надо,open_app
давай запусти хром плиз,open_app
давай запусти хром сейчас,open_app
давай запути google chrome,open_app
давай запути гугл хром,open_app
давай окрой chrome пожалуйста,open_app
давай откро браузер,open_app
давай откро хром,open_app
давай открой chrome,open_app
давай открой chrome быстро,open_app
давай открой chrome мне надо,open_app
давай открой chrome плиз,open_app
давай открой chrome пожалуйста,open_app
давай открой google chrome,open_app
давай открой google chrome плиз,open_app
давай открой google chrome сейчас,open_app
давай открой браузер,open_app
давай открой браузер быстро,open_app
давай открой браузер плиз,open_app
давай открой браузер срочно,open_app
давай открой браузр быстро,open_app
давай открой гугл,open_app
давай открой гугл быстро,open_app
давай открой гугл плиз,open_app
давай открой гугл хром,open_app
давай открой гугл хром быстро,open_app
давай открой гугл хром сейчас,open_app
давай открой гугл хром срочно,open_app
давай открой хром,open_app
давай отрой google chrome,open_app
давай отрой браузер,open_app
давай отрой гугл,open_app
давай отрой гугл сейчас,open_app
запусти chrome,open_app
запусти chrome быстро,open_app
запусти chrome мне надо,open_app
запусти chrome пожалуста,open_app
запусти chrome сейчас,open_app
запусти google chrome,open_app
запусти google chrome пожалуйста,open_app
запусти google chrome сейчас,open_app
запусти браузер,open_app
запусти браузер быстро,open_app
запусти браузер плиз,open_app
запусти браузер пожалуйста,open_app
запусти гугл,open_app
запусти гугл мне надо,open_app
запусти гугл срочно,open_app
запусти гугл хро быстро,open_app
запусти гугл хром,open_app
запусти гугл хром быстро,open_app
запусти гугл хром мне надо,open_app
запусти гугл хром пожалуйста,open_app
запусти гугл хром срочно,open_app
запусти раузер,open_app
запусти хром,open_app
запусти хром сейчас,open_app
запусти хром срочно,open_app
мне надо включи chrome,open_app
мне надо включи chrome сейчас,open_app
мне надо включи google chrome,open_app
мне надо включи браузер,open_app
мне надо включи хром,open_app
мне надо влючи гугл,open_app
мне надо давай запуст хром,open_app
мне надо давай запусти google chrome,open_app
мне надо давай запусти браузер,open_app
мне надо давай запусти гугл,open_app
мне надо давай запусти гугл хром быстро,open_app
мне надо давай запути chrome быстро,open_app
мне надо давай запути google chrome срочно,open_app
мне надо давай открой google chrome,open_app
мне надо давай открой google chrome срочно,open_app
мне надо давай открой браузер,open_app
мне надо давай открой гугл,open_app
мне надо давай открой гугл хром,open_app
мне надо давай открой хром,open_app
мне надо давай открой хром быстро,open_app
мне надо запусти chrome,open_app
мне надо запусти chrome быстро,open_app
мне надо запусти google chrome,open_app
мне надо запусти google chrome мне надо,open_app
мне надо запусти хром быстро,open_app
мне надо запусти хром плиз,open_app
мне надо запусти хром сейчас,open_app
мне надо запусти хром срочно,open_app
мне надо запути google chrome,open_app
мне надо можешь запустить chrome плиз,open_app
мне надо можешь запустить chrome срочно,open_app
мне надо можешь запустить google chrome,open_app
мне надо можешь запустить google chrome срочно,open_app
мне надо можешь запустить браузер,open_app
мне надо можешь запустить браузер сейчас,open_app
мне надо можешь запустить гугл,open_app
мне надо можешь запустить гугл хром,open_app
мне надо можешь запустить гугл хром мне надо,open_app
мне надо можешь открыть chrome,open_app
мне надо можешь открыть chrome мне надо,open_app
мне надо можешь открыть chrome плиз,open_app
мне надо можешь открыть chrome пожалуйста,open_app
мне надо можешь открыть chrome сейчас,open_app
мне надо можешь открыть google chrome,open_app
мне надо можешь открыть google chrome быстро,open_app
мне надо можешь открыть гугл хром,open_app
мне надо можешь открыть гугл хром мне надо,open_app
мне надо открой chrome быстро,open_app
мне надо открой google chrome,open_app
мне надо открой google chrome плиз,open_app
мне надо открой браузер пожалуйста,open_app
мне надо открой гугл,open_app
мне надо открой гугл хром,open_app
мне надо открой гугл хром плиз,open_app
мне надо открой хром,open_app
мне надо открой хром пожалуйста,open_app
можешь запусить google chrome,open_app
можешь запусить гугл быстро,open_app
можешь запустить chrome,open_app
можешь запустить chrome быстро,open_app
можешь запустить chrome сейчас,open_app
можешь запустить google chrome,open_app
можешь запустить google chrome мне надо,open_app
можешь запустить google chrome плиз,open_app
можешь запустить браузер,open_app
можешь запустить браузер срочно,open_app
можешь запустить гугл,open_app
можешь запустить гугл быстро,open_app
можешь запустить гугл мне надо,open_app
можешь запустить гугл пожалуйста,open_app
можешь запустить гугл сейчас,open_app
можешь запустить гугл хро,open_app
можешь запустить гугл хром,open_app
можешь запустить гугл хром плиз,open_app
можешь запустить гугл хром пожалуйста,open_app
можешь запустить гугл хром сейчас,open_app
можешь запустить гугл хром срочно,open_app
можешь запустить хом,open_app
можешь запустить хром,open_app
можешь запустить хром быстро,open_app
можешь запустить хром мне надо,open_app
можешь запустть google chrome мне надо,open_app
можешь запустть гугл срочно,open_app
можешь запутить google chrome,open_app
можешь запутить браузер,open_app
можешь запутить гугл,open_app
можешь открыть chrome,open_app
можешь открыть chrome быстро,open_app
можешь открыть google chrome,open_app
можешь открыть google chrome плиз,open_app
можешь открыть google chrome пожалуйста,open_app
можешь открыть брауер мне надо,open_app
можешь открыть брауер плиз,open_app
можешь открыть браузер,open_app
можешь открыть браузер быстро,open_app
можешь открыть браузер мне надо,open_app
можешь открыть браузер плиз,open_app
можешь открыть браузер пожалуйста,open_app
можешь открыть браузер срочно,open_app
можешь открыть гугл,open_app
можешь открыть гугл быстро,open_app
можешь открыть гугл мне надо,open_app
можешь открыть гугл плиз,open_app
можешь открыть гугл сейчас,open_app
можешь открыть гугл срочно,open_app
можешь открыть гугл хрм,open_app
можешь открыть гугл хро,open_app
можешь открыть гугл хром,open_app
можешь открыть гугл хром быстро,open_app
можешь открыть гугл хром пожалуйста,open_app
можешь открыть гугл хром сейчас,open_app
можешь открыть гугл хром срочно,open_app
можешь открыть хрм,open_app
можешь открыть хром,open_app
можешь открыть хром плиз,open_app
окрой chrome пожалуйста,open_app
окрой chrome сейчас,open_app
окрой гугл срочно,open_app
окрой гугл хром сейчас,open_app
окрой хром быстро,open_app
откро хром сейчас,open_app
открой chrome,open_app
открой chrome быстро,open_app
открой chrome мне надо,open_app
открой chrome пожалуйста,open_app
открой chrome сейчас,open_app
открой chrome срочно,open_app
открой google chrome,open_app
открой google chrome сейчас,open_app
открой браузер,open_app
открой браузер мне надо,open_app
открой браузер плиз,open_app
открой браузер пожалуйста,open_app
открой браузер срочно,open_app
открой браузр,open_app
открой гугл,open_app
открой гугл срочно,open_app
открой гугл хром,open_app
открой гугл хром быстро,open_app
открой гугл хром плиз,open_app
открой хрм,open_app
открой хром,open_app
открой хром мне надо,open_app
открой хром плиз,open_app
открой хром пожалуйста,open_app
открой хром сейчас,open_app
открой хром срочно,open_app
отрой chrome,open_app
отрой chrome мне надо,open_app
плиз включи гугл,open_app
плиз давай запусти chrome быстро,open_app
плиз давай запусти браузер,open_app
плиз давай запусти браузер сейчас,open_app
плиз давай запусти гугл,open_app
плиз давай запусти гугл быстро,open_app
плиз давай запусти гугл срочно,open_app
плиз давай запусти гугл хром,open_app
плиз давай запусти гугл хром сейчас,open_app
плиз давай запусти хром быстро,open_app
плиз давай откро браузер,open_app
плиз давай открой chrome мне надо,open_app
плиз давай открой google chrome,open_app
плиз давай открой google chrome быстро,open_app
плиз давай открой браузер,open_app
плиз давай открой браузер сейчас,open_app
плиз давай открой гугл быстро,open_app
плиз давай открой гугл сейчас,open_app
плиз давай открой гугл хро,open_app
плиз давай открой гугл хром плиз,open_app
плиз давай открой гугл хром пожалуйста,open_app
плиз давай открой гугл хром сейчас,open_app
плиз давай открой хром,open_app
плиз запусти chrome,open_app
плиз запусти google chrome мне надо,open_app
плиз запусти браузер,open_app
плиз запусти браузер мне надо,open_app
плиз запусти браузер сейчас,open_app
плиз запусти гугл,open_app
плиз запусти хром,open_app
плиз можешь запустить google chrome,open_app
плиз можешь запустить google chrome пожалуйста,open_app
плиз можешь запустить браузер плиз,open_app
плиз можешь запустить гугл хром срочно,open_app
плиз можешь открыть chrome,open_app
плиз можешь открыть google chrome,open_app
плиз можешь открыть гугл хрм срочно,open_app
плиз можешь открыть гугл хром мне надо,open_app
плиз открой google chrome быстро,open_app
плиз открой браузер срочно,open_app
плиз открой гугл мне надо,open_app
плиз открой гугл хром,open_app
плиз открой гугл хром пожалуйста,open_app
плиз открой хром,open_app
пожалуйста включи google chrome,open_app
пожалуйста включи google chrome пожалуйста,open_app
пожалуйста включи браузер,open_app
пожалуйста включи браузер мне надо,open_app
пожалуйста включи гугл,open_app
пожалуйста включи хром быстро,open_app
пожалуйста включи хром пожалуйста,open_app
пожалуйста давай запусти chrome,open_app
пожалуйста давай запусти chrome срочно,open_app
пожалуйста давай запусти гугл,open_app
пожалуйста давай запусти гугл хром,open_app
пожалуйста давай запусти хром,open_app
пожалуйста давай окрой chrome,open_app
пожалуйста давай открой chrome быстро,open_app
пожалуйста давай открой chrome плиз,open_app
пожалуйста давай открой google chrome,open_app
пожалуйста давай открой google chrome быстро,open_app
пожалуйста запусти chrome,open_app
пожалуйста запусти chrome плиз,open_app
пожалуйста запусти google chrome,open_app
пожалуйста запусти google chrome быстро,open_app
пожалуйста запусти гугл плиз,open_app
пожалуйста запусти гугл сейчас,open_app
пожалуйста запусти гугл срочно,open_app
пожалуйста запусти гугл хром,open_app
пожалуйста запусти хром,open_app
пожалуйста можешь запустить chrome сейчас,open_app
пожалуйста можешь запустить google chrome,open_app
пожалуйста можешь запустить google chrome пожалуйста,open_app
пожалуйста можешь запустить браузер,open_app
пожалуйста можешь запустить гугл,open_app
пожалуйста можешь запустить гугл хром срочно,open_app
пожалуйста можешь открыть браузер срочно,open_app
пожалуйста можешь открыть гугл,open_app
пожалуйста можешь открыть гугл хром,open_app
пожалуйста можешь открыть хрм,open_app
пожалуйста можешь открыть хро,open_app
пожалуйста можешь открыть хром быстро,open_app
пожалуйста можешь открыть хром пожалуйста,open_app
пожалуйста открой chrome,open_app
пожалуйста открой chrome срочно,open_app
пожалуйста открой google chrome пожалуйста,open_app
пожалуйста открой гугл,open_app
пожалуйста открой хром,open_app
пожалуйста открой хром быстро,open_app
пожалуйта давай запусти google chrome плиз,open_app
пожалуйта можешь открыть хром мне надо,open_app
пожалуста можешь запустить chrome сейчас,open_app
раузер включи мне надо,open_app
раузер можешь открыть,open_app
сейчас включи google chrome,open_app
сейчас включи google chrome мне надо,open_app
сейчас включи браузер,open_app
сейчас включи хром,open_app
сейчас включи хром быстро,open_app
сейчас включи хром срочно,open_app
сейчас давай запусти браузер,open_app
сейчас давай запусти гугл,open_app
сейчас давай запусти гугл быстро,open_app
сейчас давай запусти гугл срочно,open_app
сейчас давай запусти гугл хром мне надо,open_app
сейчас давай запусти хром плиз,open_app
сейчас давай открой chrome,open_app
сейчас давай открой chrome плиз,open_app
сейчас давай открой google chrome,open_app
сейчас давай открой google chrome пожалуста,open_app
сейчас давай открой браузер,open_app
сейчас давай открой гугл хом,open_app
сейчас давай открой хром,open_app
сейчас запусти chrome пожалуйста,open_app
сейчас запусти гугл хром плиз,open_app
сейчас запути google chrome мне надо,open_app
сейчас можешь запусить гугл,open_app
сейчас можешь запустить chrome,open_app
сейчас можешь запустить google chrome,open_app
сейчас можешь запустить гугл пожалуйста,open_app
сейчас можешь запустить гугл хро,open_app
сейчас можешь запустить хром,open_app
сейчас можешь открыть chrome,open_app
сейчас можешь открыть chrome плиз,open_app
сейчас можешь открыть google chrome,open_app
сейчас можешь открыть браузер,open_app
сейчас можешь открыть гугл,open_app
сейчас можешь открыть гугл сейчас,open_app
сейчас можешь открыть гугл хром пожалуйста,open_app
сейчас можешь открыть хром,open_app
сейчас окрой браузер сейчас,open_app
сейчас открой chrome пожалуйста,open_app
сейчас открой chrome сейчас,open_app
сейчас открой браузер,open_app
сейчас открой гугл,open_app
сейчас открой гугл хром,open_app
сейчас открой хром срочно,open_app
сейчас отрой гугл мне надо,open_app
срочно вклчи браузер,open_app
срочно включи chrome,open_app
срочно включи chrome плиз,open_app
срочно включи браузер быстро,open_app
срочно включи браузер пожалуйста,open_app
срочно включи гугл,open_app
срочно включи гугл плиз,open_app
срочно влючи гугл хром пожалуйста,open_app
срочно давай запусти chrome,open_app
срочно давай запусти google chrome,open_app
срочно давай запусти google chrome быстро,open_app
срочно давай запусти браузер плиз,open_app
срочно давай запусти гугл хром,open_app
срочно давай открой гугл,open_app
срочно давай открой гугл сейчас,open_app
срочно давай открой гугл хром,open_app
срочно давай открой гугл хром сейчас,open_app
срочно запуси google chrome быстро,open_app
срочно запусти chrome,open_app
срочно запусти chrome сейчас,open_app
срочно запусти браузер,open_app
срочно запусти гугл,open_app
срочно запусти хром,open_app
срочно можешь запусить chrome,open_app
срочно можешь запусить браузер,open_app
срочно можешь запустить chrome мне надо,open_app
срочно можешь запустить google chrome,open_app
срочно можешь запустить браузер пожалуйста,open_app
срочно можешь запустить браузер сейчас,open_app
срочно можешь запустить гугл,open_app
срочно можешь запустить гугл хром плиз,open_app
срочно можешь открыть chrome,open_app
срочно можешь открыть браузер плиз,open_app
срочно можешь открыть гугл,open_app
срочно можешь открыть гугл срочно,open_app
срочно можешь открыть гугл хром срочно,open_app
срочно можешь открыть хром,open_app
срочно окрой браузер,open_app
срочно окрой гугл,open_app
срочно открой браузер,open_app
срочно открой браузер плиз,open_app
срочно открой гугл,open_app
срочно открой гугл хром,open_app
срочно открой гугл хром срочно,open_app
хрм можешь открыть,open_app
хро давай открой,open_app
хро давай открой быстро,open_app
хро давай открой сейчас,open_app
хром включи,open_app
хром включи быстро,open_app
хром включи пожалуйста,open_app
хром влючи,open_app
хром давай запуст быстро,open_app
хром давай запусти,open_app
хром давай запусти быстро,open_app
хром давай запусти пожалуйста,open_app
хром давай открой,open_app
хром давай открой пожалуйста,open_app
хром давай открой сейчас,open_app
хром запусти,open_app
хром запусти быстро,open_app
хром запусти мне надо,open_app
хром запусти пожалуйста,open_app
хром запусти сейчас,open_app
хром запусти срочно,open_app
хром можешь запусить мне надо,open_app
хром можешь запустить,open_app
хром можешь запустить быстро,open_app
хром можешь запустить мне надо,open_app
хром можешь запустить плиз,open_app
хром можешь запустить пожалуйста,open_app
хром можешь запустить срочно,open_app
хром можешь запустть,open_app
хром можешь открыть,open_app
хром можешь открыть быстро,open_app
хром можешь открыть пожалуйста,open_app
хром открой,open_app
хром открой мне надо,open_app
хром открой плиз,open_app
хром открой пожалуйста,open_app
хром открой сейчас,open_app
bluetooth выключи,turn_off
bluetooth выключи пожалуйста,turn_off
bluetooth выключи срочно,turn_off
bluetooth выруби,turn_off
bluetooth выруби сейчас,turn_off
bluetooth выруби срочно,turn_off
bluetooth давай выклчи сейчас,turn_off
bluetooth давай выключи,turn_off
bluetooth давай выключи пожалуйста,turn_off
bluetooth давай выключи срочно,turn_off
bluetooth деактивируй,turn_off
bluetooth деактивируй плиз,turn_off
bluetooth деактивируй сейчас,turn_off
bluetooth деактивируй срочно,turn_off
bluetooth можешь выключить,turn_off
bluetooth можешь выключить быстро,turn_off
bluetooth можешь выключить мне надо,turn_off
bluetooth можешь выключить плиз,turn_off
bluetooth можешь выкючить быстро,turn_off
bluetooth можешь отключить,turn_off
bluetooth можешь отключить быстро,turn_off
bluetooth можешь отключить пожалуйста,turn_off
bluetooth отключи,turn_off
bluetooth отключи мне надо,turn_off
bluetooth отключи сейчас,turn_off
bluetooth тключи плиз,turn_off
wi-fi выключи,turn_off
wi-fi выключи мне надо,turn_off
wi-fi выключи пожалуйста,turn_off
wi-fi выруби,turn_off
wi-fi выруби срочно,turn_off
wi-fi давай выключи,turn_off
wi-fi давай выключи быстро,turn_off
wi-fi давай выключи плиз,turn_off
wi-fi давай выкючи,turn_off
wi-fi деактивируй,turn_off
wi-fi деактивируй быстро,turn_off
wi-fi деактивируй мне надо,turn_off
wi-fi деактивируй плиз,turn_off
wi-fi деактивируй пожалуйста,turn_off
wi-fi деактивируй сейчас,turn_off
wi-fi можешь выклчить плиз,turn_off
wi-fi можешь выключить,turn_off
wi-fi можешь выключить быстро,turn_off
wi-fi можешь выключить мне надо,turn_off
wi-fi можешь выключить пожалуйста,turn_off
wi-fi можешь выключить сейчас,turn_off
wi-fi можешь отключить,turn_off
wi-fi можешь отключить мне надо,turn_off
wi-fi можешь отключить пожалуйста,turn_off
wi-fi можешь тключить,turn_off
wi-fi отключи,turn_off
wi-fi отключи быстро,turn_off
wi-fi отключи плиз,turn_off
wi-fi тключи,turn_off
wifi выключи,turn_off
wifi выключи быстро,turn_off
wifi выключи мне надо,turn_off
wifi выключи пожалуйста,turn_off
wifi выруби,turn_off
wifi выруби мне надо,turn_off
wifi выруби плиз,turn_off
wifi выруби сейчас,turn_off
wifi давай выключи,turn_off
wifi давай выключи мне надо,turn_off
wifi давай выключи плиз,turn_off
wifi давай выключи срочно,turn_off
wifi давай вылючи плиз,turn_off
wifi деактивируй,turn_off
wifi деактивируй сейчас,turn_off
wifi можешь выключить,turn_off
wifi можешь выкючить,turn_off
wifi можешь выкючить срочно,turn_off
wifi можешь вылючить,turn_off
wifi можешь отключить,turn_off
wifi можешь отключить плиз,turn_off
wifi можешь отлючить,turn_off
wifi отключи,turn_off
wifi отключи быстро,turn_off
wifi отключи плиз,turn_off
wifi отключи пожалуйста,turn_off
wifi отключи сейчас,turn_off
wifi отключи срочно,turn_off
wifi тключи мне надо,turn_off
айфай можешь отключить плиз,turn_off
блтуз выключи плиз,turn_off
блютуз выклчи быстро,turn_off
блютуз выключи,turn_off
блютуз выключи мне надо,turn_off
блютуз выключи плиз,turn_off
блютуз выключи пожалуйста,turn_off
блютуз выруби,turn_off
блютуз выруби плиз,turn_off
блютуз выруби срочно,turn_off
блютуз давай выключи,turn_off
блютуз давай выключи быстро,turn_off
блютуз давай выключи мне надо,turn_off
блютуз давай выключи плиз,turn_off
блютуз давай выключи пожалуйста,turn_off
блютуз давай выключи сейчас,turn_off
блютуз деактивируй,turn_off
блютуз деактивируй пожалуйста,turn_off
блютуз деактивируй сейчас,turn_off
блютуз деактивируй срочно,turn_off
блютуз можешь выключить,turn_off
блютуз можешь выключить быстро,turn_off
блютуз можешь выключить пожалуйста,turn_off
блютуз можешь отключить,turn_off
блютуз можешь отключить плиз,turn_off
блютуз отключи,turn_off
блютуз отключи плиз,turn_off
блютуз отлючи,turn_off
быстро выклчи звук пожалуйста,turn_off
быстро выключи wi-fi,turn_off
быстро выключи блютуз срочно,turn_off
быстро выключи вайфай сейчас,turn_off
быстро выключи звук,turn_off
быстро выключи микрофон мне надо,turn_off
быстро выкючи звук пожалуйста,turn_off
быстро выруби wi-fi,turn_off
быстро выруби wifi,turn_off
быстро выруби wifi мне надо,turn_off
быстро выруби wifi пожалуйста,turn_off
быстро выруби wifi сейчас,turn_off
быстро выруби блютуз срочно,turn_off
быстро выруби вайфай,turn_off
быстро выруби звук,turn_off
быстро выруби звук пожалуйста,turn_off
быстро выруби микрофон,turn_off
быстро давай выключи bluetooth пожалуйста,turn_off
быстро давай выключи wi-fi плиз,turn_off
быстро давай выключи wi-fi сейчас,turn_off
быстро давай выключи wifi,turn_off
быстро давай выключи wifi пожалуйста,turn_off
быстро давай выключи блютуз,turn_off
быстро давай выключи вайфай,turn_off
быстро давай выключи звук плиз,turn_off
быстро деактивируй wi-fi пожалйста,turn_off
быстро деактивируй wifi быстро,turn_off
быстро деактивируй блютуз,turn_off
быстро деактивируй звук срочно,turn_off
быстро деактивируй микрофон,turn_off
быстро деактивируй микрофон быстро,turn_off
быстро можешь выклчить wi-fi мне надо,turn_off
быстро можешь выключить bluetooth мне надо,turn_off
быстро можешь выключить bluetooth срочно,turn_off
быстро можешь выключить wi-fi,turn_off
быстро можешь выключить wifi быстро,turn_off
быстро можешь выключить блютуз,turn_off
быстро можешь выключить вайфай быстро,turn_off
быстро можешь выключить звук,turn_off
быстро можешь выключить звук пожалуйста,turn_off
быстро можешь выключить звук срочно,turn_off
быстро можешь выключить микрофон,turn_off
быстро можешь отключить wi-fi,turn_off
быстро можешь отключить блютуз,turn_off
быстро можешь отключить вайфай,turn_off
быстро можешь отключить микрофон,turn_off
быстро можешь отключить микрофон мне надо,turn_off
быстро можешь отключить микрофон пожалуйста,turn_off
быстро можешь тключить wifi,turn_off
быстро отключи bluetooth,turn_off
быстро отключи bluetooth сейчас,turn_off
быстро отключи wifi мне надо,turn_off
быстро отключи вайфай,turn_off
быстро отключи звук,turn_off
вайфай выключи,turn_off
вайфай выключи плиз,turn_off
вайфай выруби,turn_off
вайфай выруби сейчас,turn_off
вайфай выруби срочно,turn_off
вайфай давай выключи,turn_off
вайфай давай выключи мне надо,turn_off
вайфай давай выключи срочно,turn_off
вайфай давай выкючи,turn_off
вайфай деактивируй,turn_off
вайфай деактивируй быстро,turn_off
вайфай деактивируй мне надо,turn_off
вайфай деактивируй плиз,turn_off
вайфай деактивируй пожалуйста,turn_off
вайфай деактивируй сейчас,turn_off
вайфай можешь выключить,turn_off
вайфай можешь выключить мне надо,turn_off
вайфай можешь выключить плиз,turn_off
вайфай можешь выключить сейчас,turn_off
вайфай можешь выключить срочно,turn_off
вайфай можешь отключить,turn_off
вайфай можешь отключить быстро,turn_off
вайфай можешь отключить плиз,turn_off
вайфай можешь отключить сейчас,turn_off
вайфай можешь отключить срочно,turn_off
вайфай можешь отлючить,turn_off
вайфай отключи,turn_off
вайфай отключи мне надо,turn_off
вайфай отключи сейчас,turn_off
вайфай отключи срочно,turn_off
вайфай отлючи плиз,turn_off
вайфй деактивируй,turn_off
вйфай выключи,turn_off
вйфай деактивируй,turn_off
вйфай деактивируй пожалуйста,turn_off
выключи bluetooth,turn_off
выключи bluetooth пожалуйста,turn_off
выключи wi-fi,turn_off
выключи wi-fi мне надо,turn_off
выключи wi-fi плиз,turn_off
выключи wi-fi пожалуйста,turn_off
выключи wi-fi срочно,turn_off
выключи wifi,turn_off
выключи wifi мне надо,turn_off
выключи блютуз,turn_off
выключи блютуз быстро,turn_off
выключи блютуз пожалуйста,turn_off
выключи вайай,turn_off
выключи вайфай,turn_off
выключи вайфай мне надо,turn_off
выключи зву,turn_off
выключи звук,turn_off
выключи звук мне надо,turn_off
выключи звук пожалуйста,turn_off
выключи звук сейчас,turn_off
выключи звук срочно,turn_off
выключи зук,turn_off
выключи микрофон,turn_off
выключи микрофон быстро,turn_off
выключи микрофон мне надо,turn_off
выключи микрофон пжалуйста,turn_off
выключи микрофон плиз,turn_off
выкючи bluetooth плиз,turn_off
выкючи микрофон,turn_off
вылючи wi-fi плиз,turn_off
вылючи wifi мне надо,turn_off
вылючи вайфай сейчас,turn_off
вылючи микрофон мне надо,turn_off
выруби bluetooth,turn_off
выруби bluetooth мне надо,turn_off
выруби bluetooth срочно,turn_off
выруби wi-fi,turn_off
выруби wi-fi быстро,turn_off
выруби wi-fi мне надо,turn_off
выруби wi-fi плиз,turn_off
выруби wifi,turn_off
выруби wifi плиз,turn_off
выруби wifi пожалуйста,turn_off
выруби блютуз,turn_off
выруби блютуз мне надо,turn_off
выруби блютуз срочно,turn_off
выруби вайфай,turn_off
выруби вайфай мне надо,turn_off
выруби вайфай пожалуйста,turn_off
выруби вайфй,turn_off
выруби вйфай срочно,turn_off
выруби вук быстро,turn_off
выруби звук,turn_off
выруби звук быстро,turn_off
выруби звук мне надо,turn_off
выруби звук пожалуйста,turn_off
выруби звук сейчас,turn_off
выруби микрофон,turn_off
выруби микрофон быстро,turn_off
выруби микрофон мне надо,turn_off
выруби микрофон пожалуйста,turn_off
выруби микрофон срочно,turn_off
давай выклчи bluetooth,turn_off
давай выключи bluetooth,turn_off
давай выключи bluetooth быстро,turn_off
давай выключи bluetooth плиз,turn_off
давай выключи bluetooth пожалуйста,turn_off
давай выключи wi-fi,turn_off
давай выключи wi-fi быстро,turn_off
давай выключи wi-fi пожалуйста,turn_off
давай выключи wifi,turn_off
давай выключи wifi плиз,turn_off
давай выключи wifi сейчас,turn_off
давай выключи wifi срочно,turn_off
давай выключи блтуз,turn_off
давай выключи блютуз,turn_off
давай выключи блютуз сейчас,turn_off
давай выключи блютуз срочно,turn_off
давай выключи вайфай,turn_off
давай выключи вайфай мне надо,turn_off
давай выключи вайфай плиз,turn_off
давай выключи вайфай срочно,turn_off
давай выключи зву,turn_off
давай выключи звук,turn_off
давай выключи звук плиз,turn_off
давай выключи звук пожалуйста,turn_off
давай выключи звук сейчас,turn_off
давай выключи микрофон,turn_off
давай выключи микрофон быстро,turn_off
давай выключи микрофон пожалуйста,turn_off
давай выключи микрофон сейчас,turn_off
давай выкючи микрофон сейчас,turn_off
давай вылючи wifi,turn_off
деактивируй bluetooth,turn_off
деактивируй bluetooth мне надо,turn_off
деактивируй bluetooth пожалуйста,turn_off
деактивируй bluetooth сейчас,turn_off
деактивируй bluetooth срочно,turn_off
деактивируй wi-fi,turn_off
деактивируй wi-fi быстро,turn_off
деактивируй wifi,turn_off
деактивируй wifi быстро,turn_off
деактивируй wifi мне надо,turn_off
деактивируй wifi пожалуйста,turn_off
деактивируй wifi сейчас,turn_off
деактивируй wifi срочно,turn_off
деактивируй блютз,turn_off
деактивируй блютуз,turn_off
деактивируй блютуз быстро,turn_off
деактивируй блютуз мне надо,turn_off
деактивируй блютуз плиз,turn_off
деактивируй блютуз сейчас,turn_off
деактивируй блюуз,turn_off
деактивируй вайфай,turn_off
деактивируй вайфай плиз,turn_off
деактивируй вайфай срочно,turn_off
деактивируй звук,turn_off
деактивируй звук быстро,turn_off
деактивируй звук мне надо,turn_off
деактивируй звук сейчас,turn_off
деактивируй микрофон,turn_off
деактивируй микрофон быстро,turn_off
деактивируй микрофон пожалуйста,turn_off
деактивируй микрофон срочно,turn_off
зву выруби быстро,turn_off
зву давай выключи,turn_off
зву можешь выключить,turn_off
звук выключи,turn_off
звук выключи плиз,turn_off
звук выключи пожалуйста,turn_off
звук выключи сейчас,turn_off
звук выруби,turn_off
звук выруби мне надо,turn_off
звук выруби плиз,turn_off
звук выруби пожалуйта,turn_off
звук выруби сейчас,turn_off
звук давай выключи,turn_off
звук давай выключи мне надо,turn_off
звук давай выключи плиз,turn_off
звук давай выключи пожалуйста,turn_off
звук деактивируй,turn_off
звук деактивируй мне надо,turn_off
звук деактивируй плиз,turn_off
звук можешь выключить,turn_off
звук можешь выключить срочно,turn_off
звук можешь отключить,turn_off
звук отключи,turn_off
звук отключи быстро,turn_off
звук отключи сейчас,turn_off
лютуз можешь выключить,turn_off
микрофон выключи,turn_off
микрофон выключи пожалуйста,turn_off
микрофон выруби быстро,turn_off
микрофон выруби мне надо,turn_off
микрофон выруби сейчас,turn_off
микрофон выруби срочно,turn_off
микрофон давай выключи,turn_off
микрофон давай выключи мне надо,turn_off
микрофон давай выключи плиз,turn_off
микрофон давай выключи срочно,turn_off
микрофон давай вылючи мне надо,turn_off
микрофон деактивируй,turn_off
микрофон деактивируй сейчас,turn_off
микрофон можешь выклчить сейчас,turn_off
микрофон можешь выключить,turn_off
микрофон можешь выключить срочно,turn_off
микрофон можешь отключить,turn_off
микрофон можешь отключить быстро,turn_off
микрофон можешь отключить мне надо,turn_off
микрофон можешь отлючить,turn_off
микрофон отключи,turn_off
микрофон отключи мне надо,turn_off
мне надо выклчи wifi,turn_off
мне надо выключи wifi пожалуйста,turn_off
мне надо выключи блютз срочно,turn_off
мне надо выключи блютуз,turn_off
мне надо выключи вайфай,turn_off
мне надо выключи микрофон,turn_off
мне надо выключи микрофон срочно,turn_off
мне надо выкючи wifi,turn_off
мне надо вылючи wi-fi сейчас,turn_off
мне надо выруби блютз,turn_off
мне надо выруби блютуз плиз,turn_off
мне надо выруби микрофон,turn_off
мне надо выруби микрофон плиз,turn_off
мне надо выруби микрофон пожалйста,turn_off
мне надо давай выключи блютуз пожалуйста,turn_off
мне надо давай выключи звук быстро,turn_off
мне надо давай выключи звук сейчас,turn_off
мне надо давай выключи микрофон,turn_off
мне надо давай выключи микрофон плиз,turn_off
мне надо давай выкючи wi-fi,turn_off
мне надо деактивируй bluetooth,turn_off
мне надо деактивируй bluetooth сейчас,turn_off
мне надо деактивируй wi-fi,turn_off
мне надо деактивируй wifi,turn_off
мне надо деактивируй блютз сейчас,turn_off
мне надо деактивируй блютуз,turn_off
мне надо деактивируй блютуз мне надо,turn_off
мне надо деактивируй вайфай быстро,turn_off
мне надо деактивируй вайфай сейчас,turn_off
мне надо деактивируй звук,turn_off
мне надо деактивируй звук пожалуйста,turn_off
мне надо деактивируй микрофон быстро,turn_off
мне надо можешь выклчить звук,turn_off
мне надо можешь выключить bluetooth,turn_off
мне надо можешь выключить bluetooth срочно,turn_off
мне надо можешь выключить wi-fi,turn_off
мне надо можешь выключить wifi,turn_off
мне надо можешь выключить вайфай мне надо,turn_off
мне надо можешь выключить звук,turn_off
мне надо можешь выключить звук плиз,turn_off
мне надо можешь вылючить bluetooth,turn_off
мне надо можешь вылючить микрофон,turn_off
мне надо можешь отключить bluetooth,turn_off
мне надо можешь отключить вайфай,turn_off
мне надо можешь отключить звук,turn_off
мне надо можешь отключить звук мне надо,turn_off
мне надо можешь отключить микрофон,turn_off
мне надо можешь отлючить блютуз,turn_off
мне надо отключи wifi,turn_off
мне надо отключи wifi сейчас,turn_off
мне надо отключи звук,turn_off
мне надо тключи wi-fi,turn_off
можешь выклчить wi-fi плиз,turn_off
можешь выклчить микрофон,turn_off
можешь выключить bluetooth,turn_off
можешь выключить bluetooth сейчас,turn_off
можешь выключить wi-fi,turn_off
можешь выключить wi-fi быстро,turn_off
можешь выключить wi-fi плиз,turn_off
можешь выключить wi-fi пожалуйста,turn_off
можешь выключить wifi,turn_off
можешь выключить wifi пожалуйста,turn_off
можешь выключить wifi сейчас,turn_off
можешь выключить айфай,turn_off
можешь выключить блютуз,turn_off
можешь выключить вайфай,turn_off
можешь выключить вайфай быстро,turn_off
можешь выключить вайфай плиз,turn_off
можешь выключить звук,turn_off
можешь выключить звук плиз,turn_off
можешь выключить микрофон,turn_off
можешь выключить микрофон мне надо,turn_off
можешь выкючить bluetooth,turn_off
можешь выкючить wifi,turn_off
можешь выкючить звук,turn_off
можешь вылючить bluetooth,turn_off
можешь вылючить вайфай,turn_off
можешь отключить bluetooth,turn_off
можешь отключить bluetooth быстро,turn_off
можешь отключить bluetooth мне надо,turn_off
можешь отключить bluetooth плиз,turn_off
можешь отключить wi-fi,turn_off
можешь отключить wi-fi пожалуйста,turn_off
можешь отключить wifi,turn_off
можешь отключить wifi плиз,turn_off
можешь отключить wifi пожалуйста,turn_off
можешь отключить wifi сейчас,turn_off
можешь отключить блютуз,turn_off
можешь отключить блютуз плиз,turn_off
можешь отключить блютуз пожалуйста,turn_off
можешь отключить вайфай,turn_off
можешь отключить вайфай быстро,turn_off
можешь отключить вайфай плиз,turn_off
можешь отключить вайфай пожалуйста,turn_off
можешь отключить вайфай сейчас,turn_off
можешь отключить звук,turn_off
можешь отключить звук быстро,turn_off
можешь отключить звук пожалуйста,turn_off
можешь отключить звук сейчас,turn_off
можешь отключить микрофон,turn_off
можешь отключить микрофон быстро,turn_off
можешь отключить микрофон мне надо,turn_off
можешь отключить микрофон пжалуйста,turn_off
можешь отключить микрофон плиз,turn_off
можешь отлючить wi-fi,turn_off
можешь отлючить блютуз мне надо,turn_off
можешь отлючить звук,turn_off
можешь отлючить микрофон,turn_off
можешь тключить wi-fi,turn_off
отключи bluetooth,turn_off
отключи bluetooth мне надо,turn_off
отключи wi-fi,turn_off
отключи wi-fi быстро,turn_off
отключи wi-fi мне надо,turn_off
отключи wi-fi плиз,turn_off
отключи wi-fi пожалуйста,turn_off
отключи wi-fi срочно,turn_off
отключи wifi,turn_off
отключи wifi пожалуйста,turn_off
отключи wifi сейчас,turn_off
отключи wifi срочно,turn_off
отключи блютуз,turn_off
отключи блютуз мне надо,turn_off
отключи блютуз сейчас,turn_off
отключи блютуз срочно,turn_off
отключи вайфай,turn_off
отключи вайфай плиз,turn_off
отключи вайфай сейчас,turn_off
отключи вайфай срочно,turn_off
отключи звук,turn_off
отключи звук быстро,turn_off
отключи микрофон,turn_off
отключи микрофон плиз,turn_off
отлючи wi-fi,turn_off
отлючи звук срочно,turn_off
отлючи микрофон,turn_off
пжалуйста выруби bluetooth,turn_off
пжалуйста отключи микрофон,turn_off
плиз выключи блютуз,turn_off
плиз выключи вайфай,turn_off
плиз выключи звук мне надо,turn_off
плиз выключи звук срочно,turn_off
плиз вылючи блютуз,turn_off
плиз выруби bluetooth быстро,turn_off
плиз выруби bluetooth мне надо,turn_off
плиз выруби wifi срочно,turn_off
плиз выруби блютуз плиз,turn_off
плиз выруби вайфай,turn_off
плиз давай выключи bluetooth,turn_off
плиз давай выключи звук,turn_off
плиз деактивируй bluetooth срочно,turn_off
плиз деактивируй wifi пожалуйста,turn_off
плиз деактивируй блютуз,turn_off
плиз деактивируй вайфай пожалуйста,turn_off
плиз деактивируй вайфай срочно,turn_off
плиз деактивируй вайфй,turn_off
плиз деактивируй микрофон мне надо,turn_off
плиз деактивируй микрофон пожалуйста,turn_off
плиз можешь выклчить вайфай сейчас,turn_off
плиз можешь выключить bluetooth,turn_off
плиз можешь выключить bluetooth пожалуйста,turn_off
плиз можешь выключить wi-fi,turn_off
плиз можешь выключить wifi,turn_off
плиз можешь выключить wifi мне надо,turn_off
плиз можешь выключить блютуз,turn_off
плиз можешь выключить вайфай,turn_off
плиз можешь отключить bluetooth,turn_off
плиз можешь отключить wi-fi,turn_off
плиз можешь отключить wifi,turn_off
плиз можешь отключить блютуз быстро,turn_off
плиз можешь отключить вайфай,turn_off
плиз можешь отключить вайфай мне надо,turn_off
плиз можешь отключить звук,turn_off
плиз можешь отключить микрофон,turn_off
плиз можешь отлючить звук,turn_off
плиз можешь тключить микрофон срочно,turn_off
плиз отключи bluetooth,turn_off
плиз отключи блютуз,turn_off
плиз отключи блютуз быстро,turn_off
плиз отключи звук,turn_off
плиз отключи микрофон быстро,turn_off
плиз отключи микрофон плиз,turn_off
пожалйста можешь выключить wifi быстро,turn_off
пожалуйста выключи bluetooth,turn_off
пожалуйста выключи wi-fi срочно,turn_off
пожалуйста выключи блютуз,turn_off
пожалуйста выключи вайфай,turn_off
пожалуйста выруби bluetooth,turn_off
пожалуйста выруби bluetooth мне надо,turn_off
пожалуйста выруби wi-fi,turn_off
пожалуйста выруби блютуз быстро,turn_off
пожалуйста выруби вайфай,turn_off
пожалуйста выруби звук пожалуйста,turn_off
пожалуйста выруби звук сейчас,turn_off
пожалуйста давай выключи bluetooth сейчас,turn_off
пожалуйста давай выключи bluetooth срочно,turn_off
пожалуйста давай выключи wi-fi,turn_off
пожалуйста давай выключи wifi,turn_off
пожалуйста давай выключи блютуз,turn_off
пожалуйста давай выключи вайфай,turn_off
пожалуйста давай выключи вайфай плиз,turn_off
пожалуйста давай выключи вайфай пожалуйста,turn_off
пожалуйста давай выключи звук,turn_off
пожалуйста давай выключи звук плиз,turn_off
пожалуйста давай выключи микрофон,turn_off
пожалуйста деактивируй bluetooth,turn_off
пожалуйста деактивируй bluetooth мне надо,turn_off
пожалуйста деактивируй bluetooth плиз,turn_off
пожалуйста деактивируй wi-fi плиз,turn_off
пожалуйста деактивируй wifi,turn_off
пожалуйста деактивируй wifi сейчас,turn_off
пожалуйста деактивируй вайфай,turn_off
пожалуйста деактивируй вайфай плиз,turn_off
пожалуйста можешь выключить bluetooth быстро,turn_off
пожалуйста можешь выключить bluetooth мне надо,turn_off
пожалуйста можешь выключить wi-fi пожалуйста,turn_off
пожалуйста можешь выключить блютуз срочно,turn_off
пожалуйста можешь выключить микрофон,turn_off
пожалуйста можешь отключить bluetooth,turn_off
пожалуйста можешь отключить блютуз,turn_off
пожалуйста можешь отключить вайфай сейчас,turn_off
пожалуйста можешь отключить звук,turn_off
пожалуйста можешь отключить микрофон,turn_off
пожалуйста отключи bluetooth,turn_off
пожалуйста отключи bluetooth пожалуйста,turn_off
пожалуйста отключи bluetooth сейчас,turn_off
пожалуйста отключи wi-fi плиз,turn_off
пожалуйста отключи wifi,turn_off
пожалуйста отключи вайфай,turn_off
пожалуйста отключи вайфай мне надо,turn_off
пожалуйста отключи микрофон,turn_off
пожалуйста тключи звук,turn_off
пожалуста выруби микрофон,turn_off
сейчас выключи bluetooth пжалуйста,turn_off
сейчас выключи wi-fi пожалуйста,turn_off
сейчас выключи wifi пожалуйста,turn_off
сейчас выключи вайфай,turn_off
сейчас выключи звук плиз,turn_off
сейчас выруби bluetooth пожалуйста,turn_off
сейчас выруби wifi мне надо,turn_off
сейчас выруби wifi плиз,turn_off
сейчас выруби блютуз быстро,turn_off
сейчас выруби блютуз сейчас,turn_off
сейчас выруби микрофон,turn_off
сейчас давай выклчи wifi,turn_off
сейчас давай выключи wi-fi,turn_off
сейчас давай выключи вук,turn_off
сейчас давай выключи звук,turn_off
сейчас деактивируй bluetooth,turn_off
сейчас деактивируй bluetooth пожалуйста,turn_off
сейчас деактивируй wi-fi,turn_off
сейчас деактивируй wifi,turn_off
сейчас деактивируй вайфай,turn_off
сейчас деактивируй вайфай срочно,turn_off
сейчас деактивируй звук,turn_off
сейчас можешь выключить wi-fi,turn_off
сейчас можешь выключить вайфай,turn_off
сейчас можешь выключить звук пожалуйста,turn_off
сейчас можешь выключить микрофон,turn_off
сейчас можешь выключить микрофон сейчас,turn_off
сейчас можешь отключить блютуз,turn_off
сейчас можешь отключить блютуз сейчас,turn_off
сейчас можешь отключить звук,turn_off
сейчас можешь отключить микрофон,turn_off
сейчас отключи bluetooth,turn_off
сейчас отключи bluetooth мне надо,turn_off
сейчас отключи блютуз сейчас,turn_off
сейчас отключи звук плиз,turn_off
сейчас отключи микрофон,turn_off
сейчас тключи bluetooth плиз,turn_off
срочно выключи bluetooth срочно,turn_off
срочно выключи блютуз,turn_off
срочно выключи вайфай,turn_off
срочно выключи вайфай срочно,turn_off
срочно выключи звук пожалуйста,turn_off
срочно выключи микрофон,turn_off
срочно выключи микрофон сейчас,turn_off
срочно выключи микрофон срочно,turn_off
срочно выруби bluetooth,turn_off
срочно выруби bluetooth быстро,turn_off
срочно выруби bluetooth пожалуйста,turn_off
срочно выруби wi-fi,turn_off
срочно выруби wifi,turn_off
срочно выруби блютуз,turn_off
срочно выруби блютуз сейчас,turn_off
срочно выруби вайфай плиз,turn_off
срочно выруби вайфай пожалуйста,turn_off
срочно выруби звук,turn_off
срочно выруби звук пожалуйста,turn_off
срочно выруби микрофон,turn_off
срочно давай выключи wi-fi,turn_off
срочно давай выключи звук,turn_off
срочно давай выключи микрофон,turn_off
срочно давай выключи микрофон срочно,turn_off
срочно деактивируй bluetooth,turn_off
срочно деактивируй wi-fi плиз,turn_off
срочно деактивируй wifi,turn_off
срочно деактивируй wifi срочно,turn_off
срочно деактивируй блютуз,turn_off
срочно деактивируй вайфай,turn_off
срочно деактивируй вайфай быстро,turn_off
срочно деактивируй звук,turn_off
срочно деактивируй микрофон сейчас,turn_off
срочно можешь выключить bluetooth,turn_off
срочно можешь выключить wi-fi,turn_off
срочно можешь выключить wi-fi мне надо,turn_off
срочно можешь выключить wifi,turn_off
срочно можешь выключить wifi пожалйста,turn_off
срочно можешь выключить блтуз быстро,turn_off
срочно можешь выключить микрофон пожалуйста,turn_off
срочно можешь отключить bluetooth пожалуйста,turn_off
срочно можешь отключить wi-fi,turn_off
срочно можешь отключить wifi,turn_off
срочно можешь отключить wifi быстро,turn_off
срочно можешь отключить wifi сейчас,turn_off
срочно можешь отключить вайфай,turn_off
срочно можешь отключить звук,turn_off
срочно можешь отлючить wi-fi,turn_off
срочно отключи bluetooth,turn_off
срочно отключи wifi,turn_off
срочно отключи блютуз,turn_off
срочно отключи вайфай,turn_off
срочно отключи вайфай быстро,turn_off
срочно отключи звук,turn_off
срочно отлючи микрофон,turn_off
тключи bluetooth,turn_off
тключи блютуз,turn_off
bluetooth активируй,turn_on
bluetooth активируй быстро,turn_on
bluetooth активируй мне надо,turn_on
bluetooth активируй плиз,turn_on
bluetooth активируй пожалуйста,turn_on
bluetooth включи,turn_on
bluetooth включи мне надо,turn_on
bluetooth включи плиз,turn_on
bluetooth включи пожалуйста,turn_on
bluetooth включи сейчас,turn_on
bluetooth включи срочно,turn_on
bluetooth вкючи,turn_on
bluetooth вкючи мне надо,turn_on
bluetooth влючи плиз,turn_on
bluetooth вруби,turn_on
bluetooth вруби быстро,turn_on
bluetooth вруби мне надо,turn_on
bluetooth вруби сейчас,turn_on
bluetooth давай включи,turn_on
bluetooth давай включи мне надо,turn_on
bluetooth давай включи пожалуйста,turn_on
bluetooth давай включи сейчас,turn_on
bluetooth давай вкючи,turn_on
bluetooth можешь вклчить мне надо,turn_on
bluetooth можешь включить,turn_on
bluetooth можешь включить быстро,turn_on
bluetooth можешь включить мне надо,turn_on
bluetooth можешь включить пожалуйста,turn_on
bluetooth можешь включить сейчас,turn_on
wi-fi активируй,turn_on
wi-fi активируй быстро,turn_on
wi-fi активируй мне надо,turn_on
wi-fi активируй плиз,turn_on
wi-fi активируй сейчас,turn_on
wi-fi активируй срочно,turn_on
wi-fi включи,turn_on
wi-fi включи пожалуйста,turn_on
wi-fi включи сейчас,turn_on
wi-fi вруби,turn_on
wi-fi вруби мне надо,turn_on
wi-fi вруби плиз,turn_on
wi-fi вруби пожалуйста,turn_on
wi-fi вруби сейчас,turn_on
wi-fi вруби срочно,turn_on
wi-fi давай включи,turn_on
wi-fi давай включи быстро,turn_on
wi-fi давай включи мне надо,turn_on
wi-fi давай включи плиз,turn_on
wi-fi давай включи сейчас,turn_on
wi-fi давай влючи,turn_on
wi-fi можешь включить,turn_on
wi-fi можешь включить быстро,turn_on
wi-fi можешь включить пожалуйста,turn_on
wi-fi можешь включить пожалуста,turn_on
wi-fi можешь включить сейчас,turn_on
wi-fi можешь вкючить,turn_on
wifi активируй,turn_on
wifi активируй быстро,turn_on
wifi активируй срочно,turn_on
wifi вклчи,turn_on
wifi включи,turn_on
wifi включи сейчас,turn_on
wifi включи срочно,turn_on
wifi влючи,turn_on
wifi вруби,turn_on
wifi вруби мне надо,turn_on
wifi вруби плиз,turn_on
wifi вруби сейчас,turn_on
wifi давай включи,turn_on
wifi давай включи плиз,turn_on
wifi давай включи сейчас,turn_on
wifi можешь включить,turn_on
wifi можешь включить сейчас,turn_on
wifi можешь влючить,turn_on
активируй bluetooth,turn_on
активируй bluetooth быстро,turn_on
активируй bluetooth мне надо,turn_on
активируй bluetooth плиз,turn_on
активируй bluetooth срочно,turn_on
активируй wi-fi,turn_on
активируй wi-fi быстро,turn_on
активируй wi-fi мне надо,turn_on
активируй wi-fi сейчас,turn_on
активируй wi-fi срочно,turn_on
активируй wifi,turn_on
активируй wifi мне надо,turn_on
активируй wifi плиз,turn_on
активируй wifi пожалуйста,turn_on
активируй wifi сейчас,turn_on
активируй wifi срочно,turn_on
активируй блтуз,turn_on
активируй блютз мне надо,turn_on
активируй блютз сейчас,turn_on
активируй блютуз,turn_on
активируй блютуз плиз,turn_on
активируй блютуз пожалуйста,turn_on
активируй вайай,turn_on
активируй вайфай,turn_on
активируй вайфай быстро,turn_on
активируй вайфай мне надо,turn_on
активируй вайфай сейчас,turn_on
активируй вайфй,turn_on
активируй вйфай плиз,turn_on
активируй зву мне надо,turn_on
активируй звук,turn_on
активируй звук быстро,turn_on
активируй звук мне надо,turn_on
активируй звук пожалуйста,turn_on
активируй звук сейчас,turn_on
активируй зук,turn_on
активируй микрофон,turn_on
активируй микрофон быстро,turn_on
активируй микрофон мне надо,turn_on
активируй микрофон сейчас,turn_on
активируй микрофон срочно,turn_on
блтуз вруби плиз,turn_on
блтуз давай включи,turn_on
блтуз можешь включить,turn_on
блютз вруби,turn_on
блютуз активируй,turn_on
блютуз активируй быстро,turn_on
блютуз активируй мне надо,turn_on
блютуз активируй плиз,turn_on
блютуз активируй пожалуйста,turn_on
блютуз активируй сейчас,turn_on
блютуз включи,turn_on
блютуз включи плиз,turn_on
блютуз включи пожалуйста,turn_on
блютуз включи срочно,turn_on
блютуз вруби,turn_on
блютуз вруби мне надо,turn_on
блютуз вруби пожалуйста,turn_on
блютуз вруби сейчас,turn_on
блютуз давай включи,turn_on
блютуз давай включи пожалуйста,turn_on
блютуз давай включи срочно,turn_on
блютуз давай вкючи плиз,turn_on
блютуз можешь включить,turn_on
блютуз можешь включить быстро,turn_on
блютуз можешь включить мне надо,turn_on
блютуз можешь включить плиз,turn_on
блютуз можешь включить пожалуйста,turn_on
блютуз можешь включить срочно,turn_on
блюуз активируй,turn_on
блюуз вруби,turn_on
блюуз вруби пожалуйста,turn_on
быстро активируй bluetooth,turn_on
быстро активируй wifi мне надо,turn_on
быстро активируй wifi плиз,turn_on
быстро активируй блютуз мне надо,turn_on
быстро активируй вайай,turn_on
быстро активируй вайфай,turn_on
быстро активируй звук,turn_on
быстро активируй звук плиз,turn_on
быстро активируй микрофон плиз,turn_on
быстро включи bluetooth,turn_on
быстро включи wifi быстро,turn_on
быстро включи wifi плиз,turn_on
быстро включи wifi пожалуйста,turn_on
быстро включи блютуз срочно,turn_on
быстро включи вайфай,turn_on
быстро включи звук,turn_on
быстро включи микрофон,turn_on
быстро влючи wi-fi мне надо,turn_on
быстро вруби bluetooth,turn_on
быстро вруби bluetooth сейчас,turn_on
быстро вруби wifi мне надо,turn_on
быстро вруби блютуз быстро,turn_on
быстро вруби блютуз срочно,turn_on
быстро вруби вайфай,turn_on
быстро вруби вайфай сейчас,turn_on
быстро вруби микрофон,turn_on
быстро давай включи bluetooth,turn_on
быстро давай включи bluetooth мне надо,turn_on
быстро давай включи bluetooth сейчас,turn_on
быстро давай включи wi-fi,turn_on
быстро давай включи wi-fi пожалуйста,turn_on
быстро давай включи wifi,turn_on
быстро давай включи wifi мне надо,turn_on
быстро давай включи блютуз,turn_on
быстро давай включи блютуз срочно,turn_on
быстро давай включи вайфай быстро,turn_on
быстро давай включи звук,turn_on
быстро давай включи лютуз быстро,turn_on
быстро давай включи микрофон,turn_on
быстро давай влючи wi-fi срочно,turn_on
быстро можешь включить bluetooth,turn_on
быстро можешь включить wi-fi,turn_on
быстро можешь включить wi-fi срочно,turn_on
быстро можешь включить wifi,turn_on
быстро можешь включить блютз,turn_on
быстро можешь включить вайфай быстро,turn_on
быстро можешь включить зву мне надо,turn_on
быстро можешь включить звук,turn_on
быстро можешь включить микрофон,turn_on
вайай вруби,turn_on
вайай можешь включить мне надо,turn_on
вайфай активируй,turn_on
вайфай активируй быстро,turn_on
вайфай активируй мне надо,turn_on
вайфай активируй плиз,turn_on
вайфай активируй пожалуйста,turn_on
вайфай активируй сейчас,turn_on
вайфай активируй срочно,turn_on
вайфай включи,turn_on
вайфай включи плиз,turn_on
вайфай включи сейчас,turn_on
вайфай включи срочно,turn_on
вайфай вруби,turn_on
вайфай вруби мне надо,turn_on
вайфай вруби пожалуйста,turn_on
вайфай давай включи,turn_on
вайфай давай включи быстро,turn_on
вайфай давай включи срочно,turn_on
вайфай можешь включить,turn_on
вайфай можешь включить быстро,turn_on
вайфай можешь включить мне надо,turn_on
вайфай можешь включить пожалуйста,turn_on
вайфай можешь включить сейчас,turn_on
вайфай можешь включить срочно,turn_on
вайфй можешь включить,turn_on
вйфай вруби,turn_on
вйфай давай включи,turn_on
вклчи wi-fi,turn_on
вклчи wifi,turn_on
вклчи блютуз,turn_on
включи bluetooth,turn_on
включи bluetooth пожалуйста,turn_on
включи wi-fi,turn_on
включи wi-fi быстро,turn_on
включи wi-fi мне надо,turn_on
включи wi-fi пожалуйста,turn_on
включи wi-fi сейчас,turn_on
включи wi-fi срочно,turn_on
включи wifi,turn_on
включи wifi быстро,turn_on
включи wifi пожалуйста,turn_on
включи wifi срочно,turn_on
включи блютуз,turn_on
включи блютуз быстро,turn_on
включи блютуз пожалуйста,turn_on
включи блютуз сейчас,turn_on
включи блютуз срочно,turn_on
включи вайфай,turn_on
включи вайфай быстро,turn_on
включи вайфай мне надо,turn_on
включи вайфай пожалуйста,turn_on
включи вайфай срочно,turn_on
включи звук,turn_on
включи звук быстро,turn_on
включи звук мне надо,turn_on
включи звук плиз,turn_on
включи звук пожалуйста,turn_on
включи звук сейчас,turn_on
включи микрофон,turn_on
включи микрофон быстро,turn_on
включи микрофон мне надо,turn_on
включи микрофон плиз,turn_on
включи микрофон пожалуйста,turn_on
вкючи блютуз,turn_on
вкючи вайфай,turn_on
вкючи микрофон,turn_on
влючи wi-fi быстро,turn_on
влючи вайфай быстро,turn_on
вруби bluetooth,turn_on
вруби bluetooth быстро,turn_on
вруби bluetooth плиз,turn_on
вруби bluetooth срочно,turn_on
вруби wi-fi,turn_on
вруби wi-fi быстро,turn_on
вруби wi-fi плиз,turn_on
вруби wi-fi сейчас,turn_on
вруби wifi,turn_on
вруби wifi быстро,turn_on
вруби wifi мне надо,turn_on
вруби wifi плиз,turn_on
вруби айфай,turn_on
вруби блютуз,turn_on
вруби блютуз мне надо,turn_on
вруби блютуз плиз,turn_on
вруби блютуз пожалйста,turn_on
вруби блютуз сейчас,turn_on
вруби блютуз срочно,turn_on
вруби блюуз,turn_on
вруби вайфай,turn_on
вруби вайфай быстро,turn_on
вруби вайфай мне надо,turn_on
вруби вайфай плиз,turn_on
вруби вайфай пожалуйста,turn_on
вруби вайфай сейчас,turn_on
вруби вайфай срочно,turn_on
вруби вайфй,turn_on
вруби вайфй плиз,turn_on
вруби вук,turn_on
вруби звук,turn_on
вруби звук быстро,turn_on
вруби звук мне надо,turn_on
вруби звук плиз,turn_on
вруби звук пожалуйста,turn_on
вруби звук сейчас,turn_on
вруби звук срочно,turn_on
вруби зук,turn_on
вруби микрофон,turn_on
вруби микрофон быстро,turn_on
вруби микрофон мне надо,turn_on
вруби микрофон сейчас,turn_on
вук включи сейчас,turn_on
давай вклчи bluetooth,turn_on
давай включи bluetooth,turn_on
давай включи bluetooth быстро,turn_on
давай включи bluetooth плиз,turn_on
давай включи bluetooth пожалуйста,turn_on
давай включи wi-fi,turn_on
давай включи wi-fi плиз,turn_on
давай включи wi-fi сейчас,turn_on
давай включи wi-fi срочно,turn_on
давай включи wifi,turn_on
давай включи wifi быстро,turn_on
давай включи wifi пожалуйста,turn_on
давай включи wifi сейчас,turn_on
давай включи wifi срочно,turn_on
давай включи блютуз,turn_on
давай включи блютуз быстро,turn_on
давай включи блютуз мне надо,turn_on
давай включи блютуз сейчас,turn_on
давай включи блютуз срочно,turn_on
давай включи блюуз,turn_on
давай включи вайфай,turn_on
давай включи вайфай быстро,turn_on
давай включи вайфай плиз,turn_on
давай включи вайфай сейчас,turn_on
давай включи вайфай срочно,turn_on
давай включи зву,turn_on
давай включи звук,turn_on
давай включи звук быстро,turn_on
давай включи звук мне надо,turn_on
давай включи звук плиз,turn_on
давай включи звук сейчас,turn_on
давай включи звук срочно,turn_on
давай включи микрофон,turn_on
давай включи микрофон быстро,turn_on
давай включи микрофон мне надо,turn_on
давай включи микрофон плиз,turn_on
давай включи микрофон сейчас,turn_on
давай включи микрофон срочно,turn_on
давай вкючи bluetooth быстро,turn_on
давай вкючи wifi,turn_on
давай влючи wifi,turn_on
зву активируй,turn_on
зву вруби,turn_on
звук активируй,turn_on
звук активируй сейчас,turn_on
звук активируй срочно,turn_on
звук включи,turn_on
звук включи пожалуйста,turn_on
звук включи сейчас,turn_on
звук вруби,turn_on
звук вруби мне надо,turn_on
звук вруби плиз,turn_on
звук вруби срочно,turn_on
звук давай включи,turn_on
звук давай включи быстро,turn_on
звук давай включи мне надо,turn_on
звук давай включи пожалуйста,turn_on
звук давай включи сейчас,turn_on
звук можешь включить,turn_on
звук можешь включить быстро,turn_on
звук можешь включить плиз,turn_on
зук активируй,turn_on
зук активируй сейчас,turn_on
зук вруби быстро,turn_on
зук можешь включить,turn_on
микрофон активируй,turn_on
микрофон активируй быстро,turn_on
микрофон активируй мне надо,turn_on
микрофон активируй плиз,turn_on
микрофон активируй пожалуйста,turn_on
микрофон активируй сейчас,turn_on
микрофон активируй срочно,turn_on
микрофон включи,turn_on
микрофон включи быстро,turn_on
микрофон включи мне надо,turn_on
микрофон включи плиз,turn_on
микрофон включи сейчас,turn_on
микрофон включи срочно,turn_on
микрофон вкючи,turn_on
микрофон влючи срочно,turn_on
микрофон вруби,turn_on
микрофон вруби плиз,turn_on
микрофон вруби срочно,turn_on
микрофон давай вклчи быстро,turn_on
микрофон давай вклчи плиз,turn_on
микрофон давай включи,turn_on
микрофон давай включи быстро,turn_on
микрофон давай включи мне надо,turn_on
микрофон давай включи плиз,turn_on
микрофон давай включи сейчас,turn_on
микрофон давай включи срочно,turn_on
микрофон давай влючи,turn_on
микрофон можешь включить,turn_on
микрофон можешь включить быстро,turn_on
микрофон можешь включить сейчас,turn_on
мне надо активируй bluetooth,turn_on
мне надо активируй bluetooth срочно,turn_on
мне надо активируй wi-fi срочно,turn_on
мне надо активируй wifi,turn_on
мне надо активируй блютуз,turn_on
мне надо активируй блютуз сейчас,turn_on
мне надо активируй вайфай,turn_on
мне надо активируй вайфай мне надо,turn_on
мне надо активируй вайфй срочно,turn_on
мне надо активируй звук быстро,turn_on
мне надо активируй звук мне надо,turn_on
мне надо активируй звук пжалуйста,turn_on
мне надо активируй звук плиз,turn_on
мне надо активируй микрофон,turn_on
мне надо активируй микрофон плиз,turn_on
мне надо вклчи блютуз,turn_on
мне надо включи wifi,turn_on
мне надо включи звук,turn_on
мне надо включи микрофон,turn_on
мне надо вкючи wi-fi,turn_on
мне надо вруби bluetooth срочно,turn_on
мне надо вруби wi-fi,turn_on
мне надо вруби блютуз,turn_on
мне надо вруби блютуз срочно,turn_on
мне надо вруби вайфай,turn_on
мне надо вруби звук,turn_on
мне надо вруби зук плиз,turn_on
мне надо давай вклчи bluetooth сейчас,turn_on
мне надо давай вклчи wifi,turn_on
мне надо давай вклчи wifi плиз,turn_on
мне надо давай вклчи блютуз,turn_on
мне надо давай включи bluetooth,turn_on
мне надо давай включи bluetooth сейчас,turn_on
мне надо давай включи wi-fi,turn_on
мне надо давай включи wi-fi быстро,turn_on
мне надо давай включи wi-fi пожалуйста,turn_on
мне надо давай включи wifi,turn_on
мне надо давай включи wifi срочно,turn_on
мне надо давай включи блютуз,turn_on
мне надо давай включи блютуз срочно,turn_on
мне надо давай включи микрофон,turn_on
мне надо давай вкючи звук,turn_on
мне надо можешь включить bluetooth,turn_on
мне надо можешь включить bluetooth быстро,turn_on
мне надо можешь включить wi-fi,turn_on
мне надо можешь включить wi-fi плиз,turn_on
мне надо можешь включить wifi,turn_on
мне надо можешь включить wifi мне надо,turn_on
мне надо можешь включить wifi плиз,turn_on
мне надо можешь включить wifi сейчас,turn_on
мне надо можешь включить блютуз,turn_on
мне надо можешь включить блютуз быстро,turn_on
мне надо можешь включить вайфай,turn_on
мне надо можешь включить микрофон,turn_on
можешь включить bluetooth,turn_on
можешь включить bluetooth быстро,turn_on
можешь включить bluetooth мне надо,turn_on
можешь включить bluetooth пожалуйста,turn_on
можешь включить bluetooth сейчас,turn_on
можешь включить bluetooth срочно,turn_on
можешь включить wi-fi,turn_on
можешь включить wi-fi сейчас,turn_on
можешь включить wi-fi срочно,turn_on
можешь включить wifi,turn_on
можешь включить wifi мне надо,turn_on
можешь включить wifi пожалуйста,turn_on
можешь включить wifi сейчас,turn_on
можешь включить wifi срочно,turn_on
можешь включить айфай плиз,turn_on
можешь включить блютуз,turn_on
можешь включить блютуз быстро,turn_on
можешь включить блютуз мне надо,turn_on
можешь включить блютуз плиз,turn_on
можешь включить блютуз пожалуйста,turn_on
можешь включить блютуз сейчас,turn_on
можешь включить блютуз срочно,turn_on
можешь включить блюуз,turn_on
можешь включить блюуз срочно,turn_on
можешь включить вайфай,turn_on
можешь включить вайфай плиз,turn_on
можешь включить вайфай сейчас,turn_on
можешь включить вайфай срочно,turn_on
можешь включить звук,turn_on
можешь включить звук быстро,turn_on
можешь включить звук мне надо,turn_on
можешь включить звук плиз,turn_on
можешь включить звук сейчас,turn_on
можешь включить микрофон,turn_on
можешь включить микрофон быстро,turn_on
можешь включить микрофон мне надо,turn_on
можешь включить микрофон плиз,turn_on
можешь включить микрофон срочно,turn_on
можешь вкючить bluetooth,turn_on
можешь вкючить блютуз,turn_on
можешь вкючить вайфай плиз,turn_on
можешь влючить wi-fi,turn_on
можешь влючить микрофон,turn_on
пжалуйста давай включи wifi,turn_on
плиз активируй bluetooth сейчас,turn_on
плиз активируй wi-fi,turn_on
плиз активируй wifi,turn_on
плиз активируй блютуз,turn_on
плиз активируй вайфай,turn_on
плиз активируй вайфай мне надо,turn_on
плиз активируй звук быстро,turn_on
плиз активируй микрофон,turn_on
плиз включи wi-fi,turn_on
плиз включи wi-fi пожалуйста,turn_on
плиз включи wifi,turn_on
плиз включи wifi мне надо,turn_on
плиз включи wifi срочно,turn_on
плиз включи блютуз,turn_on
плиз включи блютуз быстро,turn_on
плиз включи звук быстро,turn_on
плиз включи звук пожалуйста,turn_on
плиз включи микрофон,turn_on
плиз вруби bluetooth,turn_on
плиз вруби wi-fi,turn_on
плиз вруби wi-fi мне надо,turn_on
плиз вруби wi-fi срочно,turn_on
плиз вруби wifi,turn_on
плиз вруби блютуз быстро,turn_on
плиз вруби вайфай мне надо,turn_on
плиз вруби вайфай сейчас,turn_on
плиз вруби микрофон,turn_on
плиз давай включи bluetooth быстро,turn_on
плиз давай включи wi-fi,turn_on
плиз давай включи wi-fi быстро,turn_on
плиз давай включи блютуз пожалуйста,turn_on
плиз давай включи вайфай,turn_on
плиз давай включи вайфай мне надо,turn_on
плиз давай включи звук,turn_on
плиз давай включи звук мне надо,turn_on
плиз давай включи микрофон,turn_on
плиз давай включи микрофон быстро,turn_on
плиз можешь вклчить звук пожалуйста,turn_on
плиз можешь включить bluetooth,turn_on
плиз можешь включить wi-fi пожалуйста,turn_on
плиз можешь включить wifi,turn_on
плиз можешь включить блютуз,turn_on
плиз можешь включить вайфай,turn_on
плиз можешь включить вайфай быстро,turn_on
плиз можешь включить звук пожалуйста,turn_on
плиз можешь включить микрофон,turn_on
пожалуйста активируй bluetooth,turn_on
пожалуйста активируй bluetooth срочно,turn_on
пожалуйста активируй wi-fi,turn_on
пожалуйста активируй wi-fi быстро,turn_on
пожалуйста активируй wifi,turn_on
пожалуйста активируй wifi мне надо,turn_on
пожалуйста активируй блютуз,turn_on
пожалуйста активируй вайфай,turn_on
пожалуйста активируй звук,turn_on
пожалуйста активируй микрофон,turn_on
пожалуйста включи wi-fi,turn_on
пожалуйста включи блютуз,turn_on
пожалуйста включи блютуз срочно,turn_on
пожалуйста включи вайфай плиз,turn_on
пожалуйста включи звук сейчас,turn_on
пожалуйста включи микрофон,turn_on
пожалуйста вруби wifi,turn_on
пожалуйста вруби блютуз,turn_on
пожалуйста вруби вайфай,turn_on
пожалуйста вруби микрофон,turn_on
пожалуйста вруби микрофон срочно,turn_on
пожалуйста давай включи bluetooth,turn_on
пожалуйста давай включи блютуз,turn_on
пожалуйста давай включи вайфай,turn_on
пожалуйста давай включи вайфай плиз,turn_on
пожалуйста давай включи звук,turn_on
пожалуйста давай включи микрофон,turn_on
пожалуйста давай включи микрофон быстро,turn_on
пожалуйста можешь включить bluetooth,turn_on
пожалуйста можешь включить wi-fi,turn_on
пожалуйста можешь включить wifi,turn_on
пожалуйста можешь включить блютуз,turn_on
пожалуйста можешь включить вайфай,turn_on
пожалуйста можешь включить вайфай мне надо,turn_on
пожалуйста можешь включить звук,turn_on
пожалуйста можешь включить звук быстро,turn_on
пожалуйста можешь включить микрофон мне надо,turn_on
пожалуйста можешь влючить звук,turn_on
сейчас активируй bluetooth,turn_on
сейчас активируй bluetooth плиз,turn_on
сейчас активируй wifi,turn_on
сейчас активируй wifi быстро,turn_on
сейчас активируй блютуз,turn_on
сейчас активируй блютуз плиз,turn_on
сейчас активируй блютуз пожалуйста,turn_on
сейчас активируй блютуз срочно,turn_on
сейчас активируй вайфай пожалуйста,turn_on
сейчас активируй вук,turn_on
сейчас активируй звук,turn_on
сейчас активируй звук плиз,turn_on
сейчас активируй микрофон,turn_on
сейчас активируй микрофон мне надо,turn_on
сейчас активируй микрофон плиз,turn_on
сейчас включи bluetooth,turn_on
сейчас включи wi-fi срочно,turn_on
сейчас включи wifi мне надо,turn_on
сейчас включи блютуз плиз,turn_on
сейчас включи вайфай,turn_on
сейчас включи звук мне надо,turn_on
сейчас включи звук плиз,turn_on
сейчас включи микрофон плиз,turn_on
сейчас вкючи блютуз,turn_on
сейчас вруби wi-fi сейчас,turn_on
сейчас вруби айфай,turn_on
сейчас вруби блютуз,turn_on
сейчас вруби блютуз сейчас,turn_on
сейчас вруби блютуз срочно,turn_on
сейчас вруби вайфай,turn_on
сейчас вруби вайфай срочно,turn_on
сейчас вруби звук,turn_on
сейчас вруби звук плиз,turn_on
сейчас вруби звук пожалуйста,turn_on
сейчас вруби микрофон,turn_on
сейчас вруби микрофон мне надо,turn_on
сейчас давай включи bluetooth,turn_on
сейчас давай включи bluetooth срочно,turn_on
сейчас давай включи wi-fi,turn_on
сейчас давай включи wifi,turn_on
сейчас давай включи wifi быстро,turn_on
сейчас давай включи блютуз,turn_on
сейчас давай включи блютуз быстро,turn_on
сейчас давай включи блютуз плиз,turn_on
сейчас давай включи вайфай,turn_on
сейчас давай включи вайфай сейчас,turn_on
сейчас давай включи звук,turn_on
сейчас давай включи микрофон,turn_on
сейчас давай вкючи вайфай быстро,turn_on
сейчас можешь вклчить вайфай,turn_on
сейчас можешь включить bluetooth,turn_on
сейчас можешь включить wi-fi мне надо,turn_on
сейчас можешь включить wi-fi сейчас,turn_on
сейчас можешь включить wifi,turn_on
сейчас можешь включить wifi плиз,turn_on
сейчас можешь включить блютуз,turn_on
сейчас можешь включить блютуз быстро,turn_on
сейчас можешь включить блютуз срочно,turn_on
сейчас можешь включить вайфай,turn_on
сейчас можешь включить вайфай мне надо,turn_on
сейчас можешь включить вайфай плиз,turn_on
сейчас можешь включить звук быстро,turn_on
сейчас можешь включить звук пожалуйста,turn_on
сейчас можешь включить микрофон,turn_on
сейчас можешь влючить звук плиз,turn_on
срочно активируй bluetooth,turn_on
срочно активируй wi-fi,turn_on
срочно активируй wifi,turn_on
срочно активируй wifi плиз,turn_on
срочно активируй блютуз быстро,turn_on
срочно активируй вайфай,turn_on
срочно активируй вайфай пожалуйста,turn_on
срочно активируй микрофон,turn_on
срочно включи wi-fi,turn_on
срочно включи wi-fi сейчас,turn_on
срочно включи блютуз,turn_on
срочно включи вайфай пожалуйста,turn_on
срочно включи звук,turn_on
срочно включи звук сейчас,turn_on
срочно включи звук срочно,turn_on
срочно включи микрофон,turn_on
срочно включи микрофон сейчас,turn_on
срочно вруби wi-fi,turn_on
срочно вруби wi-fi сейчас,turn_on
срочно вруби wifi,turn_on
срочно вруби wifi быстро,turn_on
срочно вруби блютуз,turn_on
срочно вруби вйфай срочно,turn_on
срочно вруби звук,turn_on
срочно вруби микрофон,turn_on
срочно давай вклчи вайфай,turn_on
срочно давай вклчи микрофон пожалуйста,turn_on
срочно давай включи bluetooth,turn_on
срочно давай включи wi-fi мне надо,turn_on
срочно давай включи wi-fi плиз,turn_on
срочно давай включи wifi,turn_on
срочно давай включи wifi сейчас,turn_on
срочно давай включи wifi срочно,turn_on
срочно давай включи блютуз быстро,turn_on
срочно давай включи вайфай,turn_on
срочно давай включи звук,turn_on
срочно давай включи микрофон,turn_on
срочно давай включи микрофон срочно,turn_on
срочно можешь вклчить вайфай,turn_on
срочно можешь включить bluetooth,turn_on
срочно можешь включить bluetooth быстро,turn_on
срочно можешь включить wi-fi,turn_on
срочно можешь включить wifi быстро,turn_on
срочно можешь включить wifi срочно,turn_on
срочно можешь включить блютуз,turn_on
срочно можешь включить блютуз срочно,turn_on
срочно можешь включить вайфай быстро,turn_on
срочно можешь включить звук,turn_on
срочно можешь включить звук быстро,turn_on
срочно можешь включить звук срочно,turn_on
срочно можешь вкючить wifi сейчас,turn_on
